,name,sequence,left_site,right_site,left_overhang,right_overhang,ext_sequence,size
0,mCherry-M86_N,GTGAGCAAGGGCGAAGAAGACAACATGGCCATCATCAAGGAGTTCATGCGCTTCAAGGTGCACATGGAGGGCTCCGTGAACGGCCACGAGTTCGAGATCGAGGGCGAGGGCGAGGGCCGCCCCTACGAGGGCACCCAGACCGCCAAGCTGAAGGTGACCAAGGGTGGCCCCCTGCCCTTCGCCTGGGACATCCTGTCCCCTCAGTTCATGTACGGCTCCAAGGCCTACGTGAAGCACCCCGCCGACATCCCCGACTACTTGAAGCTGTCCTTCCCCGAGGGCTTCAAGTGGGAGCGCGTGATGAACTTCGAGGACGGCGGCGTGGTGACCGTGACCCAGGACTCCTCCTTGCAGGACGGCGAGTTCATCTACAAGGTGAAGCTGCGCGGCACCAACTTCCCCTCCGACGGCCCCGTAATGCAGAAGAAGACCATGGGCTGGGAGGCCTCCTCCGAGCGGATGTACCCCGAGGACGTGGATGCTTGCATCTCGGGAGATAGTTTGATCAGCTTGGCGAGCACAGGGAAAAGAGTTCCTATTAAGGATTTGTTAGGCGAAAAAGATTTTGAAATATGGGCAATTAATGAACAGACGATGAAGCTGGAATCAGCTAAAGTTAGTCGTGTATTTTGTACCGGCAAAAAGCTAGTCTATACTCTAAAAACTCGACTAGGTAGAACTATCAAGGCAACAGCAAATCATAGATTTTTAACTATTGATGGTTGGAAAAGATTAGATGAGCTATCTTTAAAAGAGCATATTGCTCTACCCCGTAAACTAGAATAATAA,AATG,GCTT,CGTCTCGGTCTCAAATG,GCTTTGAGACCTGAGACG,CGTCTCGGTCTCAAATGGTGAGCAAGGGCGAAGAAGACAACATGGCCATCATCAAGGAGTTCATGCGCTTCAAGGTGCACATGGAGGGCTCCGTGAACGGCCACGAGTTCGAGATCGAGGGCGAGGGCGAGGGCCGCCCCTACGAGGGCACCCAGACCGCCAAGCTGAAGGTGACCAAGGGTGGCCCCCTGCCCTTCGCCTGGGACATCCTGTCCCCTCAGTTCATGTACGGCTCCAAGGCCTACGTGAAGCACCCCGCCGACATCCCCGACTACTTGAAGCTGTCCTTCCCCGAGGGCTTCAAGTGGGAGCGCGTGATGAACTTCGAGGACGGCGGCGTGGTGACCGTGACCCAGGACTCCTCCTTGCAGGACGGCGAGTTCATCTACAAGGTGAAGCTGCGCGGCACCAACTTCCCCTCCGACGGCCCCGTAATGCAGAAGAAGACCATGGGCTGGGAGGCCTCCTCCGAGCGGATGTACCCCGAGGACGTGGATGCTTGCATCTCGGGAGATAGTTTGATCAGCTTGGCGAGCACAGGGAAAAGAGTTCCTATTAAGGATTTGTTAGGCGAAAAAGATTTTGAAATATGGGCAATTAATGAACAGACGATGAAGCTGGAATCAGCTAAAGTTAGTCGTGTATTTTGTACCGGCAAAAAGCTAGTCTATACTCTAAAAACTCGACTAGGTAGAACTATCAAGGCAACAGCAAATCATAGATTTTTAACTATTGATGGTTGGAAAAGATTAGATGAGCTATCTTTAAAAGAGCATATTGCTCTACCCCGTAAACTAGAATAATAAGCTTTGAGACCTGAGACG,825
1,mCherry-M86_C,AGCTCCTCTTTACAATTGGCACCAGAAATAGAAAAGTTGCCTCAGAGTGATATTTACTGGGACCCCATCGTTTCTATTACGGAGACTGGAGTCGAAGAGGTTTTTGATTTGACTGTGCCAGGACTACGTAACTTTGTCGCCAATGACATCATTGTACATAACAGCGATCTGGGCGCCCTGAAGGGCGAGATCAAGCAGAGGCTGAAGCTGAAGGACGGCGGCCACTACGACGCTGAGGTCAAGACCACCTACAAGGCCAAGAAGCCCGTGCAGCTGCCCGGCGCCTACAACGTCAACATCAAGTTGGACATCACCTCCCACAACGAGGACTACACCATCGTGGAACAGTACGAACGCGCCGAGGGCCGCCACTCCACCGGCGGCATGGACGAGCTGTACAAGTAATAA,AATG,GCTT,CGTCTCGGTCTCAAATG,GCTTTGAGACCTGAGACG,CGTCTCGGTCTCAAATGAGCTCCTCTTTACAATTGGCACCAGAAATAGAAAAGTTGCCTCAGAGTGATATTTACTGGGACCCCATCGTTTCTATTACGGAGACTGGAGTCGAAGAGGTTTTTGATTTGACTGTGCCAGGACTACGTAACTTTGTCGCCAATGACATCATTGTACATAACAGCGATCTGGGCGCCCTGAAGGGCGAGATCAAGCAGAGGCTGAAGCTGAAGGACGGCGGCCACTACGACGCTGAGGTCAAGACCACCTACAAGGCCAAGAAGCCCGTGCAGCTGCCCGGCGCCTACAACGTCAACATCAAGTTGGACATCACCTCCCACAACGAGGACTACACCATCGTGGAACAGTACGAACGCGCCGAGGGCCGCCACTCCACCGGCGGCATGGACGAGCTGTACAAGTAATAAGCTTTGAGACCTGAGACG,444
2,mCherry-M86_Mut,GTGAGCAAGGGCGAAGAAGACAACATGGCCATCATCAAGGAGTTCATGCGCTTCAAGGTGCACATGGAGGGCTCCGTGAACGGCCACGAGTTCGAGATCGAGGGCGAGGGCGAGGGCCGCCCCTACGAGGGCACCCAGACCGCCAAGCTGAAGGTGACCAAGGGTGGCCCCCTGCCCTTCGCCTGGGACATCCTGTCCCCTCAGTTCATGTACGGCTCCAAGGCCTACGTGAAGCACCCCGCCGACATCCCCGACTACTTGAAGCTGTCCTTCCCCGAGGGCTTCAAGTGGGAGCGCGTGATGAACTTCGAGGACGGCGGCGTGGTGACCGTGACCCAGGACTCCTCCTTGCAGGACGGCGAGTTCATCTACAAGGTGAAGCTGCGCGGCACCAACTTCCCCTCCGACGGCCCCGTAATGCAGAAGAAGACCATGGGCTGGGAGGCCTCCTCCGAGCGGATGTACCCCGAGGACGTGGATGCTAGCGATCTGGGCGCCCTGAAGGGCGAGATCAAGCAGAGGCTGAAGCTGAAGGACGGCGGCCACTACGACGCTGAGGTCAAGACCACCTACAAGGCCAAGAAGCCCGTGCAGCTGCCCGGCGCCTACAACGTCAACATCAAGTTGGACATCACCTCCCACAACGAGGACTACACCATCGTGGAACAGTACGAACGCGCCGAGGGCCGCCACTCCACCGGCGGCATGGACGAGCTGTACAAGTAATAA,AATG,GCTT,CGTCTCGGTCTCAAATG,GCTTTGAGACCTGAGACG,CGTCTCGGTCTCAAATGGTGAGCAAGGGCGAAGAAGACAACATGGCCATCATCAAGGAGTTCATGCGCTTCAAGGTGCACATGGAGGGCTCCGTGAACGGCCACGAGTTCGAGATCGAGGGCGAGGGCGAGGGCCGCCCCTACGAGGGCACCCAGACCGCCAAGCTGAAGGTGACCAAGGGTGGCCCCCTGCCCTTCGCCTGGGACATCCTGTCCCCTCAGTTCATGTACGGCTCCAAGGCCTACGTGAAGCACCCCGCCGACATCCCCGACTACTTGAAGCTGTCCTTCCCCGAGGGCTTCAAGTGGGAGCGCGTGATGAACTTCGAGGACGGCGGCGTGGTGACCGTGACCCAGGACTCCTCCTTGCAGGACGGCGAGTTCATCTACAAGGTGAAGCTGCGCGGCACCAACTTCCCCTCCGACGGCCCCGTAATGCAGAAGAAGACCATGGGCTGGGAGGCCTCCTCCGAGCGGATGTACCCCGAGGACGTGGATGCTAGCGATCTGGGCGCCCTGAAGGGCGAGATCAAGCAGAGGCTGAAGCTGAAGGACGGCGGCCACTACGACGCTGAGGTCAAGACCACCTACAAGGCCAAGAAGCCCGTGCAGCTGCCCGGCGCCTACAACGTCAACATCAAGTTGGACATCACCTCCCACAACGAGGACTACACCATCGTGGAACAGTACGAACGCGCCGAGGGCCGCCACTCCACCGGCGGCATGGACGAGCTGTACAAGTAATAAGCTTTGAGACCTGAGACG,765
3,mCherry-gp41-1_N,GTGAGCAAGGGCGAAGAAGACAACATGGCCATCATCAAGGAGTTCATGCGCTTCAAGGTGCACATGGAGGGCTCCGTGAACGGCCACGAGTTCGAGATCGAGGGCGAGGGCGAGGGCCGCCCCTACGAGGGCACCCAGACCGCCAAGCTGAAGGTGACCAAGGGTGGCCCCCTGCCCTTCGCCTGGGACATCCTGTCCCCTCAGTTCATGTACGGCTCCAAGGCCTACGTGAAGCACCCCGCCGACATCCCCGACTACTTGAAGCTGTCCTTCCCCGAGGGCTTCAAGTGGGAGCGCGTGATGAACTTCGAGGACGGCGGCGTGGTGACCGTGACCCAGGACTCCTCCTTGCAGGACGGCGAGTTCATCTACAAGGTGAAGCTGCGCGGCACCAACTTCCCCTCCGACGGCCCCGTAATGCAGAAGAAGACCATGGGCTGGGAGGCCTCCTCCGAGCGGATGTACCCCGAGGACTCAGGATACTGTCTGGATCTGAAAACCCAGGTTCAGACACCGCAGGGTATGAAAGAAATTTCAAATATTCAGGTGGGTGATCTGGTTCTGAGCAATACCGGTTATAATGAAGTGCTGAATGTGTTTCCGAAAAGCAAAAAAAAAAGCTATAAAATCACCCTGGAAGATGGCAAAGAAATCATTTGTAGCGAAGAACACCTGTTTCCGACCCAGACCGGTGAAATGAATATTAGCGGTGGTCTGAAAGAAGGTATGTGCCTGTATGTTAAAGAATAATAA,AATG,GCTT,CGTCTCGGTCTCAAATG,GCTTTGAGACCTGAGACG,CGTCTCGGTCTCAAATGGTGAGCAAGGGCGAAGAAGACAACATGGCCATCATCAAGGAGTTCATGCGCTTCAAGGTGCACATGGAGGGCTCCGTGAACGGCCACGAGTTCGAGATCGAGGGCGAGGGCGAGGGCCGCCCCTACGAGGGCACCCAGACCGCCAAGCTGAAGGTGACCAAGGGTGGCCCCCTGCCCTTCGCCTGGGACATCCTGTCCCCTCAGTTCATGTACGGCTCCAAGGCCTACGTGAAGCACCCCGCCGACATCCCCGACTACTTGAAGCTGTCCTTCCCCGAGGGCTTCAAGTGGGAGCGCGTGATGAACTTCGAGGACGGCGGCGTGGTGACCGTGACCCAGGACTCCTCCTTGCAGGACGGCGAGTTCATCTACAAGGTGAAGCTGCGCGGCACCAACTTCCCCTCCGACGGCCCCGTAATGCAGAAGAAGACCATGGGCTGGGAGGCCTCCTCCGAGCGGATGTACCCCGAGGACTCAGGATACTGTCTGGATCTGAAAACCCAGGTTCAGACACCGCAGGGTATGAAAGAAATTTCAAATATTCAGGTGGGTGATCTGGTTCTGAGCAATACCGGTTATAATGAAGTGCTGAATGTGTTTCCGAAAAGCAAAAAAAAAAGCTATAAAATCACCCTGGAAGATGGCAAAGAAATCATTTGTAGCGAAGAACACCTGTTTCCGACCCAGACCGGTGAAATGAATATTAGCGGTGGTCTGAAAGAAGGTATGTGCCTGTATGTTAAAGAATAATAAGCTTTGAGACCTGAGACG,789
4,mCherry-gp41-1_C,CTGAAAAAAATCCTGAAAATCGAGGAACTGGATGAACGCGAACTGATTGATATTGAAGTTAGCGGTAACCACCTGTTCTATGCCAATGATATTCTGACCCATAATTCTAGCAGTGGCGCCCTGAAGGGCGAGATCAAGCAGAGGCTGAAGCTGAAGGACGGCGGCCACTACGACGCTGAGGTCAAGACCACCTACAAGGCCAAGAAGCCCGTGCAGCTGCCCGGCGCCTACAACGTCAACATCAAGTTGGACATCACCTCCCACAACGAGGACTACACCATCGTGGAACAGTACGAACGCGCCGAGGGCCGCCACTCCACCGGCGGCATGGACGAGCTGTACAAGTAATAA,AATG,GCTT,CGTCTCGGTCTCAAATG,GCTTTGAGACCTGAGACG,CGTCTCGGTCTCAAATGCTGAAAAAAATCCTGAAAATCGAGGAACTGGATGAACGCGAACTGATTGATATTGAAGTTAGCGGTAACCACCTGTTCTATGCCAATGATATTCTGACCCATAATTCTAGCAGTGGCGCCCTGAAGGGCGAGATCAAGCAGAGGCTGAAGCTGAAGGACGGCGGCCACTACGACGCTGAGGTCAAGACCACCTACAAGGCCAAGAAGCCCGTGCAGCTGCCCGGCGCCTACAACGTCAACATCAAGTTGGACATCACCTCCCACAACGAGGACTACACCATCGTGGAACAGTACGAACGCGCCGAGGGCCGCCACTCCACCGGCGGCATGGACGAGCTGTACAAGTAATAAGCTTTGAGACCTGAGACG,387
5,mCherry-gp41-1_Mut,GTGAGCAAGGGCGAAGAAGACAACATGGCCATCATCAAGGAGTTCATGCGCTTCAAGGTGCACATGGAGGGCTCCGTGAACGGCCACGAGTTCGAGATCGAGGGCGAGGGCGAGGGCCGCCCCTACGAGGGCACCCAGACCGCCAAGCTGAAGGTGACCAAGGGTGGCCCCCTGCCCTTCGCCTGGGACATCCTGTCCCCTCAGTTCATGTACGGCTCCAAGGCCTACGTGAAGCACCCCGCCGACATCCCCGACTACTTGAAGCTGTCCTTCCCCGAGGGCTTCAAGTGGGAGCGCGTGATGAACTTCGAGGACGGCGGCGTGGTGACCGTGACCCAGGACTCCTCCTTGCAGGACGGCGAGTTCATCTACAAGGTGAAGCTGCGCGGCACCAACTTCCCCTCCGACGGCCCCGTAATGCAGAAGAAGACCATGGGCTGGGAGGCCTCCTCCGAGCGGATGTACCCCGAGGACTCAGGATACTCTAGCAGTGGCGCCCTGAAGGGCGAGATCAAGCAGAGGCTGAAGCTGAAGGACGGCGGCCACTACGACGCTGAGGTCAAGACCACCTACAAGGCCAAGAAGCCCGTGCAGCTGCCCGGCGCCTACAACGTCAACATCAAGTTGGACATCACCTCCCACAACGAGGACTACACCATCGTGGAACAGTACGAACGCGCCGAGGGCCGCCACTCCACCGGCGGCATGGACGAGCTGTACAAGTAATAA,AATG,GCTT,CGTCTCGGTCTCAAATG,GCTTTGAGACCTGAGACG,CGTCTCGGTCTCAAATGGTGAGCAAGGGCGAAGAAGACAACATGGCCATCATCAAGGAGTTCATGCGCTTCAAGGTGCACATGGAGGGCTCCGTGAACGGCCACGAGTTCGAGATCGAGGGCGAGGGCGAGGGCCGCCCCTACGAGGGCACCCAGACCGCCAAGCTGAAGGTGACCAAGGGTGGCCCCCTGCCCTTCGCCTGGGACATCCTGTCCCCTCAGTTCATGTACGGCTCCAAGGCCTACGTGAAGCACCCCGCCGACATCCCCGACTACTTGAAGCTGTCCTTCCCCGAGGGCTTCAAGTGGGAGCGCGTGATGAACTTCGAGGACGGCGGCGTGGTGACCGTGACCCAGGACTCCTCCTTGCAGGACGGCGAGTTCATCTACAAGGTGAAGCTGCGCGGCACCAACTTCCCCTCCGACGGCCCCGTAATGCAGAAGAAGACCATGGGCTGGGAGGCCTCCTCCGAGCGGATGTACCCCGAGGACTCAGGATACTCTAGCAGTGGCGCCCTGAAGGGCGAGATCAAGCAGAGGCTGAAGCTGAAGGACGGCGGCCACTACGACGCTGAGGTCAAGACCACCTACAAGGCCAAGAAGCCCGTGCAGCTGCCCGGCGCCTACAACGTCAACATCAAGTTGGACATCACCTCCCACAACGAGGACTACACCATCGTGGAACAGTACGAACGCGCCGAGGGCCGCCACTCCACCGGCGGCATGGACGAGCTGTACAAGTAATAAGCTTTGAGACCTGAGACG,765
6,mCherry-gp41-8_N,GTGAGCAAGGGCGAAGAAGACAACATGGCCATCATCAAGGAGTTCATGCGCTTCAAGGTGCACATGGAGGGCTCCGTGAACGGCCACGAGTTCGAGATCGAGGGCGAGGGCGAGGGCCGCCCCTACGAGGGCACCCAGACCGCCAAGCTGAAGGTGACCAAGGGTGGCCCCCTGCCCTTCGCCTGGGACATCCTGTCCCCTCAGTTCATGTACGGCTCCAAGGCCTACGTGAAGCACCCCGCCGACATCCCCGACTACTTGAAGCTGTCCTTCCCCGAGGGCTTCAAGTGGGAGCGCGTGATGAACTTCGAGGACGGCGGCGTGGTGACCGTGACCCAGGACTCCTCCTTGCAGGACGGCGAGTTCATCTACAAGGTGAAGCTGCGCGGCACCAACTTCCCCTCCGACGGCCCCGTAATGCAGAAGAAGACCATGGGCTGGGAGGCCTCCTCCGAGCGGATGTACCCCGAGGACTTGAACAGGTGTCTGAGCCTGGATACCATGGTTGTTACCAATGGTAAAGCCATTGAAATTCGTGATGTGAAAGTTGGTGATTGGCTGGAAAGCGAATGTGGTCCGGTTCAGGTTACCGAAGTTCTGCCGATTATCAAACAGCCGGTTTTTGAAATTGTGCTGAAAAGCGGCAAAAAAATCCGTGTTAGCGCCAATCATAAATTCCCGACCAAAGATGGTCTGAAAACCATTAATAGCGGTCTGAAAGTGGGCGATTTTCTGCGTAGCCGTGCAAAATAATAA,AATG,GCTT,CGTCTCGGTCTCAAATG,GCTTTGAGACCTGAGACG,CGTCTCGGTCTCAAATGGTGAGCAAGGGCGAAGAAGACAACATGGCCATCATCAAGGAGTTCATGCGCTTCAAGGTGCACATGGAGGGCTCCGTGAACGGCCACGAGTTCGAGATCGAGGGCGAGGGCGAGGGCCGCCCCTACGAGGGCACCCAGACCGCCAAGCTGAAGGTGACCAAGGGTGGCCCCCTGCCCTTCGCCTGGGACATCCTGTCCCCTCAGTTCATGTACGGCTCCAAGGCCTACGTGAAGCACCCCGCCGACATCCCCGACTACTTGAAGCTGTCCTTCCCCGAGGGCTTCAAGTGGGAGCGCGTGATGAACTTCGAGGACGGCGGCGTGGTGACCGTGACCCAGGACTCCTCCTTGCAGGACGGCGAGTTCATCTACAAGGTGAAGCTGCGCGGCACCAACTTCCCCTCCGACGGCCCCGTAATGCAGAAGAAGACCATGGGCTGGGAGGCCTCCTCCGAGCGGATGTACCCCGAGGACTTGAACAGGTGTCTGAGCCTGGATACCATGGTTGTTACCAATGGTAAAGCCATTGAAATTCGTGATGTGAAAGTTGGTGATTGGCTGGAAAGCGAATGTGGTCCGGTTCAGGTTACCGAAGTTCTGCCGATTATCAAACAGCCGGTTTTTGAAATTGTGCTGAAAAGCGGCAAAAAAATCCGTGTTAGCGCCAATCATAAATTCCCGACCAAAGATGGTCTGAAAACCATTAATAGCGGTCTGAAAGTGGGCGATTTTCTGCGTAGCCGTGCAAAATAATAAGCTTTGAGACCTGAGACG,792
7,mCherry-gp41-8_C,TGTGAAATCTTTGAAAACGAGATCGACTGGGATGAAATTGCCAGCATTGAATATGTTGGTGTGGAAGAAACCATCGATATTAACGTGACCAATGATCGTCTGTTTTTTGCCAATGGTATTCTGACCCATAATAGTGCGGTTGGCGCCCTGAAGGGCGAGATCAAGCAGAGGCTGAAGCTGAAGGACGGCGGCCACTACGACGCTGAGGTCAAGACCACCTACAAGGCCAAGAAGCCCGTGCAGCTGCCCGGCGCCTACAACGTCAACATCAAGTTGGACATCACCTCCCACAACGAGGACTACACCATCGTGGAACAGTACGAACGCGCCGAGGGCCGCCACTCCACCGGCGGCATGGACGAGCTGTACAAGTAATAA,AATG,GCTT,CGTCTCGGTCTCAAATG,GCTTTGAGACCTGAGACG,CGTCTCGGTCTCAAATGTGTGAAATCTTTGAAAACGAGATCGACTGGGATGAAATTGCCAGCATTGAATATGTTGGTGTGGAAGAAACCATCGATATTAACGTGACCAATGATCGTCTGTTTTTTGCCAATGGTATTCTGACCCATAATAGTGCGGTTGGCGCCCTGAAGGGCGAGATCAAGCAGAGGCTGAAGCTGAAGGACGGCGGCCACTACGACGCTGAGGTCAAGACCACCTACAAGGCCAAGAAGCCCGTGCAGCTGCCCGGCGCCTACAACGTCAACATCAAGTTGGACATCACCTCCCACAACGAGGACTACACCATCGTGGAACAGTACGAACGCGCCGAGGGCCGCCACTCCACCGGCGGCATGGACGAGCTGTACAAGTAATAAGCTTTGAGACCTGAGACG,414
8,mCherry-1-8_Mut,GTGAGCAAGGGCGAAGAAGACAACATGGCCATCATCAAGGAGTTCATGCGCTTCAAGGTGCACATGGAGGGCTCCGTGAACGGCCACGAGTTCGAGATCGAGGGCGAGGGCGAGGGCCGCCCCTACGAGGGCACCCAGACCGCCAAGCTGAAGGTGACCAAGGGTGGCCCCCTGCCCTTCGCCTGGGACATCCTGTCCCCTCAGTTCATGTACGGCTCCAAGGCCTACGTGAAGCACCCCGCCGACATCCCCGACTACTTGAAGCTGTCCTTCCCCGAGGGCTTCAAGTGGGAGCGCGTGATGAACTTCGAGGACGGCGGCGTGGTGACCGTGACCCAGGACTCCTCCTTGCAGGACGGCGAGTTCATCTACAAGGTGAAGCTGCGCGGCACCAACTTCCCCTCCGACGGCCCCGTAATGCAGAAGAAGACCATGGGCTGGGAGGCCTCCTCCGAGCGGATGTACCCCGAGGACTTGAACAGGAGTGCGGTTGGCGCCCTGAAGGGCGAGATCAAGCAGAGGCTGAAGCTGAAGGACGGCGGCCACTACGACGCTGAGGTCAAGACCACCTACAAGGCCAAGAAGCCCGTGCAGCTGCCCGGCGCCTACAACGTCAACATCAAGTTGGACATCACCTCCCACAACGAGGACTACACCATCGTGGAACAGTACGAACGCGCCGAGGGCCGCCACTCCACCGGCGGCATGGACGAGCTGTACAAGTAATAA,AATG,GCTT,CGTCTCGGTCTCAAATG,GCTTTGAGACCTGAGACG,CGTCTCGGTCTCAAATGGTGAGCAAGGGCGAAGAAGACAACATGGCCATCATCAAGGAGTTCATGCGCTTCAAGGTGCACATGGAGGGCTCCGTGAACGGCCACGAGTTCGAGATCGAGGGCGAGGGCGAGGGCCGCCCCTACGAGGGCACCCAGACCGCCAAGCTGAAGGTGACCAAGGGTGGCCCCCTGCCCTTCGCCTGGGACATCCTGTCCCCTCAGTTCATGTACGGCTCCAAGGCCTACGTGAAGCACCCCGCCGACATCCCCGACTACTTGAAGCTGTCCTTCCCCGAGGGCTTCAAGTGGGAGCGCGTGATGAACTTCGAGGACGGCGGCGTGGTGACCGTGACCCAGGACTCCTCCTTGCAGGACGGCGAGTTCATCTACAAGGTGAAGCTGCGCGGCACCAACTTCCCCTCCGACGGCCCCGTAATGCAGAAGAAGACCATGGGCTGGGAGGCCTCCTCCGAGCGGATGTACCCCGAGGACTTGAACAGGAGTGCGGTTGGCGCCCTGAAGGGCGAGATCAAGCAGAGGCTGAAGCTGAAGGACGGCGGCCACTACGACGCTGAGGTCAAGACCACCTACAAGGCCAAGAAGCCCGTGCAGCTGCCCGGCGCCTACAACGTCAACATCAAGTTGGACATCACCTCCCACAACGAGGACTACACCATCGTGGAACAGTACGAACGCGCCGAGGGCCGCCACTCCACCGGCGGCATGGACGAGCTGTACAAGTAATAAGCTTTGAGACCTGAGACG,765
