name,sequence,size,amplicon
pJ0-E15-N_NOC,AGGGCGGCGGATTTGTCCTACTCAGGAGAGCGTTCACCGACAAACAACAGATAAAACGAAAGGCCCAGTCTTTCGACTGAGCCTTTCGTTTTATTTGATGCCTTTAATTAAGGAGTTTTGCAGGTGCACCTGCTTTTCGCTGAATTCGCGGCCGCTTCTAGAGGGTCTGCGATGTTTGGTCTCAAATGACCCAGACCCCGAAAGCACCGGCAAAACATCGTGATCCGCGTGATGAACTGCCGGAACATCTGCCTGCACTGCGTGCATTTGCAATTAGCCTGACCCGTAATGTTGCAGTTGCAGATGATCTGGTTCAGGATACCATTGTTAAAGCCTGGACCAACTTCGATAAATTTACGGAAGCAGGTGGTTGTTTTTCTGGAGATACATTAGTCGCTTTAACTGATGGTCGTAGCGTTAGCTTTGAGCAATTGGTTGAAGAAGAAAAACAAGGAAAACAAAACTTTTGTTATACCATCCGCCATGATGGTTCTATAGGGGTTGAAAAAATCATCAATGCCCGCAAAACAAAAACTAATGCGAAGGTAATCAAGGTTACGTTGGACAATGGTGAGTCTATTATTTGCACCCCGGATCATAAATTCATGTTGCGGGATGGGAGCTACAAATGTGCGATGGATTTAACTCTCGATGATTCGTTAATGCCGTTACACCGAAAAATTTCGACTACGGAAGATTCTGGTCATGCGTAATAAGCTTTGAGACCTTTCATCGCGACCTACTAGTAGCGGCCGCTGCAGGGAGTTGTCTTCGAAGACTTCGCTCTAGTCTTGGACTCCTGTTGATAGATCCAGTAATGACCTCAGAACTCCATCTGGATTTGTTCAGAACGCTCGGTTGCCGCCGGGCGTTTTTTATTGGTGAGAATCCAGGGGTCCCCAATAATTACGATTTAAATTAGTAGCCCGCCTAATGAGCGGGCTTTTTTTTAATTCCCCTATTTGTTTATTTTTCTAAATACATTCAAATATGTATCCGCTCATGAGACAATAACCCTGATAAATGCTTCAATAATATTGAAAAAGGAAGAGTATGAGCATTCAGCATTTTCGTGTGGCGCTGATTCCGTTTTTTGCGGCGTTTTGCCTGCCGGTGTTTGCGCATCCGGAAACCCTGGTGAAAGTGAAAGATGCGGAAGATCAACTGGGTGCGCGCGTGGGCTATATTGAACTGGATCTGAACAGCGGCAAAATTCTGGAATCTTTTCGTCCGGAAGAACGTTTTCCGATGATGAGCACCTTTAAAGTGCTGCTGTGCGGTGCGGTTCTGAGCCGTGTGGATGCGGGCCAGGAACAACTGGGCCGTCGTATTCATTATAGCCAGAACGATCTGGTGGAATATAGCCCGGTGACCGAAAAACATCTGACCGATGGCATGACCGTGCGTGAACTGTGCAGCGCGGCGATTACCATGAGCGATAACACCGCGGCGAACCTGCTGCTGACGACCATTGGCGGTCCGAAAGAACTGACCGCGTTTCTGCATAACATGGGCGATCATGTGACCCGTCTGGATCGTTGGGAACCGGAACTGAACGAAGCGATTCCGAACGATGAACGTGATACCACCATGCCGGCAGCAATGGCGACCACCCTGCGTAAACTGCTGACGGGTGAGCTGCTGACCCTGGCAAGCCGCCAGCAACTGATTGATTGGATGGAAGCGGATAAAGTGGCGGGTCCGCTGCTGCGTAGCGCGCTGCCGGCTGGCTGGTTTATTGCGGATAAAAGCGGTGCGGGCGAACGTGGCAGCCGTGGCATTATTGCGGCGCTGGGCCCGGATGGTAAACCGAGCCGTATTGTGGTGATTTATACCACCGGCAGCCAGGCGACGATGGATGAACGTAACCGTCAGATTGCGGAAATTGGCGCGAGCCTGATTAAACATTGGTAAACCGATACAATTAAAGGCTCCTTTTGGAGCCTTTTTTTTTGGACGACCCTTGTCCTTTTCCGCTGCATAACCCTGCTTCGGGGTCATTATAGCGATTTTTTCGGTATATCCATCCTTTTTCGCACGATATACAGGATTTTGCCAAAGGGTTCGTGTAGACTTTCCTTGGTGTATCCAACGGCGTCAGCCGGGCAGGATAGGTGAAGTAGGCCCACCCGCGAGCGGGTGTTCCTTCTTCACTGTCCCTTATTCGCACCTGGCGGTGCTCAACGGGAATCCTGCTCTGCGAGGCTGGCCGTAGGCCGGCCCCGTAGAAAAGATCAAAGGATCTTCTTGAGATCCTTTTTTTCTGCGCGTAATCTGCTGCTTGCAAACAAAAAAACCACCGCTACCAGCGGTGGTTTGTTTGCCGGATCAAGAGCTACCAACTCTTTTTCCGAAGGTAACTGGCTTCAGCAGAGCGCAGATACCAAATACTGTTCTTCTAGTGTAGCCGTAGTTAGGCCACCACTTCAAGAACTCTGTAGCACCGCCTACATACCTCGCTCTGCTAATCCTGTTACCAGTGGCTGCTGCCAGTGGCGATAAGTCGTGTCTTACCGGGTTGGACTCAAGACGATAGTTACCGGATAAGGCGCAGCGGTCGGGCTGAACGGGGGGTTCGTGCACACAGCCCAGCTTGGAGCGAACGACCTACACCGAACTGAGATACCTACAGCGTGAGCTATGAGAAAGCGCCACGCTTCCCGAAGGGAGAAAGGCGGACAGGTATCCGGTAAGCGGCAGGGTCGGAACAGGAGAGCGCACGAGGGAGCTTCCAGGGGGAAACGCCTGGTATCTTTATAGTCCTGTCGGGTTTCGCCACCTCTGACTTGAGCGTCGATTTTTGTGATGCTCGTCAGGGGGGCGGAGCCTATGGAAAAACGCCAGCAACGCGGCCTTTTTACGGTTCCTGGCCTTTTGCTGGCCTTTTGCTCACATGTTCTTTCCTGCGTTATCCCCTGATTCTGTGGATAACCGTATTACCGCCTTTGAGTGAGCTGATACCGCTCGCCGCAGCCGAACGACCGAGCGCAGCGAGTCAGTGAGCGAGGAAGCGGAAGAGCGCCCAATACGCAAACCGCCTCTCCCCGCGCGTTGGCCGATTCATTAATGCAGCTGGCACGACAGGTTTCCCGACTGGAAAGCGGGCAGTGAGCGCAACGCAATTAATGTGAGTTAGCTCACTCATTAGGCAGGCGCGCCCAGCTGTCT,3168,865
pJ0-E15-C_NOC,AGGGCGGCGGATTTGTCCTACTCAGGAGAGCGTTCACCGACAAACAACAGATAAAACGAAAGGCCCAGTCTTTCGACTGAGCCTTTCGTTTTATTTGATGCCTTTAATTAAGGAGTTTTGCAGGTGCACCTGCTTTTCGCTGAATTCGCGGCCGCTTCTAGAGGGTCTGCGATGTTTGGTCTCAAATGGAAGCAGTATTAAATTACAATCACAGAATTGTAAATATTGAAGCTGTGTCAGAAACAATCGATGTTTATGATATTGAGGTTCCCCACACCCACAATTTTGCTTTGGCAAGCGGAGTGTTTGTCCATAACAGTGCAAAACTGCGTGCCTGGCTGTTTACCATTCTGCGTAATACCTTCTATAGCGATAAACGTAAACATCGTCGTGAAGTTCCAGATCCGGAAGGTGTTCATGCAGCAAGCCTGTTTGTTAAACCGGCACATGATGGTCATCTGGCATTTAGCGATTTTAGCGCAGCATTTGATCAGCTGAGCCCTGAACACCGTGAAGTGCTGATTCTGGTTGGTGCAAGCGGTTTTGCCTATGAAGATGCAGCACAGATGATGGGTGTTGCCGTTGGCACCGTTAAAAGCCGTGCAAATCGTGCACGTGCCCGTCTGGCAGAACTGCTGGGTCTGGAAAAAGGTGAAGAAATTTTTAGCGGTGTTGATGGTCAGACCCTGGCAGTTATGAGCCGTAGCGGTATGACCGCAGCATAATAAGCTTTGAGACCTTTCATCGCGACCTACTAGTAGCGGCCGCTGCAGGGAGTTGTCTTCGAAGACTTCGCTCTAGTCTTGGACTCCTGTTGATAGATCCAGTAATGACCTCAGAACTCCATCTGGATTTGTTCAGAACGCTCGGTTGCCGCCGGGCGTTTTTTATTGGTGAGAATCCAGGGGTCCCCAATAATTACGATTTAAATTAGTAGCCCGCCTAATGAGCGGGCTTTTTTTTAATTCCCCTATTTGTTTATTTTTCTAAATACATTCAAATATGTATCCGCTCATGAGACAATAACCCTGATAAATGCTTCAATAATATTGAAAAAGGAAGAGTATGAGCATTCAGCATTTTCGTGTGGCGCTGATTCCGTTTTTTGCGGCGTTTTGCCTGCCGGTGTTTGCGCATCCGGAAACCCTGGTGAAAGTGAAAGATGCGGAAGATCAACTGGGTGCGCGCGTGGGCTATATTGAACTGGATCTGAACAGCGGCAAAATTCTGGAATCTTTTCGTCCGGAAGAACGTTTTCCGATGATGAGCACCTTTAAAGTGCTGCTGTGCGGTGCGGTTCTGAGCCGTGTGGATGCGGGCCAGGAACAACTGGGCCGTCGTATTCATTATAGCCAGAACGATCTGGTGGAATATAGCCCGGTGACCGAAAAACATCTGACCGATGGCATGACCGTGCGTGAACTGTGCAGCGCGGCGATTACCATGAGCGATAACACCGCGGCGAACCTGCTGCTGACGACCATTGGCGGTCCGAAAGAACTGACCGCGTTTCTGCATAACATGGGCGATCATGTGACCCGTCTGGATCGTTGGGAACCGGAACTGAACGAAGCGATTCCGAACGATGAACGTGATACCACCATGCCGGCAGCAATGGCGACCACCCTGCGTAAACTGCTGACGGGTGAGCTGCTGACCCTGGCAAGCCGCCAGCAACTGATTGATTGGATGGAAGCGGATAAAGTGGCGGGTCCGCTGCTGCGTAGCGCGCTGCCGGCTGGCTGGTTTATTGCGGATAAAAGCGGTGCGGGCGAACGTGGCAGCCGTGGCATTATTGCGGCGCTGGGCCCGGATGGTAAACCGAGCCGTATTGTGGTGATTTATACCACCGGCAGCCAGGCGACGATGGATGAACGTAACCGTCAGATTGCGGAAATTGGCGCGAGCCTGATTAAACATTGGTAAACCGATACAATTAAAGGCTCCTTTTGGAGCCTTTTTTTTTGGACGACCCTTGTCCTTTTCCGCTGCATAACCCTGCTTCGGGGTCATTATAGCGATTTTTTCGGTATATCCATCCTTTTTCGCACGATATACAGGATTTTGCCAAAGGGTTCGTGTAGACTTTCCTTGGTGTATCCAACGGCGTCAGCCGGGCAGGATAGGTGAAGTAGGCCCACCCGCGAGCGGGTGTTCCTTCTTCACTGTCCCTTATTCGCACCTGGCGGTGCTCAACGGGAATCCTGCTCTGCGAGGCTGGCCGTAGGCCGGCCCCGTAGAAAAGATCAAAGGATCTTCTTGAGATCCTTTTTTTCTGCGCGTAATCTGCTGCTTGCAAACAAAAAAACCACCGCTACCAGCGGTGGTTTGTTTGCCGGATCAAGAGCTACCAACTCTTTTTCCGAAGGTAACTGGCTTCAGCAGAGCGCAGATACCAAATACTGTTCTTCTAGTGTAGCCGTAGTTAGGCCACCACTTCAAGAACTCTGTAGCACCGCCTACATACCTCGCTCTGCTAATCCTGTTACCAGTGGCTGCTGCCAGTGGCGATAAGTCGTGTCTTACCGGGTTGGACTCAAGACGATAGTTACCGGATAAGGCGCAGCGGTCGGGCTGAACGGGGGGTTCGTGCACACAGCCCAGCTTGGAGCGAACGACCTACACCGAACTGAGATACCTACAGCGTGAGCTATGAGAAAGCGCCACGCTTCCCGAAGGGAGAAAGGCGGACAGGTATCCGGTAAGCGGCAGGGTCGGAACAGGAGAGCGCACGAGGGAGCTTCCAGGGGGAAACGCCTGGTATCTTTATAGTCCTGTCGGGTTTCGCCACCTCTGACTTGAGCGTCGATTTTTGTGATGCTCGTCAGGGGGGCGGAGCCTATGGAAAAACGCCAGCAACGCGGCCTTTTTACGGTTCCTGGCCTTTTGCTGGCCTTTTGCTCACATGTTCTTTCCTGCGTTATCCCCTGATTCTGTGGATAACCGTATTACCGCCTTTGAGTGAGCTGATACCGCTCGCCGCAGCCGAACGACCGAGCGCAGCGAGTCAGTGAGCGAGGAAGCGGAAGAGCGCCCAATACGCAAACCGCCTCTCCCCGCGCGTTGGCCGATTCATTAATGCAGCTGGCACGACAGGTTTCCCGACTGGAAAGCGGGCAGTGAGCGCAACGCAATTAATGTGAGTTAGCTCACTCATTAGGCAGGCGCGCCCAGCTGTCT,3180,877
pJ0-E17-N_NOC,AGGGCGGCGGATTTGTCCTACTCAGGAGAGCGTTCACCGACAAACAACAGATAAAACGAAAGGCCCAGTCTTTCGACTGAGCCTTTCGTTTTATTTGATGCCTTTAATTAAGGAGTTTTGCAGGTGCACCTGCTTTTCGCTGAATTCGCGGCCGCTTCTAGAGGGTCTGCGATGTTTGGTCTCAAATGGCACGTGTTAGCGGTGCAGCAGCAGCCGAAGCAGCACTGATGCGTGCACTGTATGATGAACATGCAGCAGTTCTGTGGCGTTATGCACTGCGTCTGACCGGTGATGCAGCACAGGCAGAAGATGTTGTTCAAGAAACCCTGCTGCGTGCATGGCAGCATCCGGAAGTTATTGGTGATACCGCACGTCCGGCACGCGCATGGCTGTTTACCGTTGCACGTAATATGATTATTGATGAACGTCGTAGCGCACGTTTTCGTAATGTTGTTGGTAGCACCGATGTGGATGCTTGCATCTCGGGAGATAGTTTGATCAGCTTGGCGAGCACAGGGAAAAGAGTTCCTATTAAGGATTTGTTAGGCGAAAAAGATTTTGAAATATGGGCAATTAATGAACAGACGATGAAGCTGGAATCAGCTAAAGTTAGTCGTGTATTTTGTACCGGCAAAAAGCTAGTCTATACTCTAAAAACTCGACTAGGTAGAACTATCAAGGCAACAGCAAATCATAGATTTTTAACTATTGATGGTTGGAAAAGATTAGATGAGCTATCTTTAAAAGAGCATATTGCTCTACCCCGTAAACTAGAATAATAAGCTTTGAGACCTTTCATCGCGACCTACTAGTAGCGGCCGCTGCAGGGAGTTGTCTTCGAAGACTTCGCTCTAGTCTTGGACTCCTGTTGATAGATCCAGTAATGACCTCAGAACTCCATCTGGATTTGTTCAGAACGCTCGGTTGCCGCCGGGCGTTTTTTATTGGTGAGAATCCAGGGGTCCCCAATAATTACGATTTAAATTAGTAGCCCGCCTAATGAGCGGGCTTTTTTTTAATTCCCCTATTTGTTTATTTTTCTAAATACATTCAAATATGTATCCGCTCATGAGACAATAACCCTGATAAATGCTTCAATAATATTGAAAAAGGAAGAGTATGAGCATTCAGCATTTTCGTGTGGCGCTGATTCCGTTTTTTGCGGCGTTTTGCCTGCCGGTGTTTGCGCATCCGGAAACCCTGGTGAAAGTGAAAGATGCGGAAGATCAACTGGGTGCGCGCGTGGGCTATATTGAACTGGATCTGAACAGCGGCAAAATTCTGGAATCTTTTCGTCCGGAAGAACGTTTTCCGATGATGAGCACCTTTAAAGTGCTGCTGTGCGGTGCGGTTCTGAGCCGTGTGGATGCGGGCCAGGAACAACTGGGCCGTCGTATTCATTATAGCCAGAACGATCTGGTGGAATATAGCCCGGTGACCGAAAAACATCTGACCGATGGCATGACCGTGCGTGAACTGTGCAGCGCGGCGATTACCATGAGCGATAACACCGCGGCGAACCTGCTGCTGACGACCATTGGCGGTCCGAAAGAACTGACCGCGTTTCTGCATAACATGGGCGATCATGTGACCCGTCTGGATCGTTGGGAACCGGAACTGAACGAAGCGATTCCGAACGATGAACGTGATACCACCATGCCGGCAGCAATGGCGACCACCCTGCGTAAACTGCTGACGGGTGAGCTGCTGACCCTGGCAAGCCGCCAGCAACTGATTGATTGGATGGAAGCGGATAAAGTGGCGGGTCCGCTGCTGCGTAGCGCGCTGCCGGCTGGCTGGTTTATTGCGGATAAAAGCGGTGCGGGCGAACGTGGCAGCCGTGGCATTATTGCGGCGCTGGGCCCGGATGGTAAACCGAGCCGTATTGTGGTGATTTATACCACCGGCAGCCAGGCGACGATGGATGAACGTAACCGTCAGATTGCGGAAATTGGCGCGAGCCTGATTAAACATTGGTAAACCGATACAATTAAAGGCTCCTTTTGGAGCCTTTTTTTTTGGACGACCCTTGTCCTTTTCCGCTGCATAACCCTGCTTCGGGGTCATTATAGCGATTTTTTCGGTATATCCATCCTTTTTCGCACGATATACAGGATTTTGCCAAAGGGTTCGTGTAGACTTTCCTTGGTGTATCCAACGGCGTCAGCCGGGCAGGATAGGTGAAGTAGGCCCACCCGCGAGCGGGTGTTCCTTCTTCACTGTCCCTTATTCGCACCTGGCGGTGCTCAACGGGAATCCTGCTCTGCGAGGCTGGCCGTAGGCCGGCCCCGTAGAAAAGATCAAAGGATCTTCTTGAGATCCTTTTTTTCTGCGCGTAATCTGCTGCTTGCAAACAAAAAAACCACCGCTACCAGCGGTGGTTTGTTTGCCGGATCAAGAGCTACCAACTCTTTTTCCGAAGGTAACTGGCTTCAGCAGAGCGCAGATACCAAATACTGTTCTTCTAGTGTAGCCGTAGTTAGGCCACCACTTCAAGAACTCTGTAGCACCGCCTACATACCTCGCTCTGCTAATCCTGTTACCAGTGGCTGCTGCCAGTGGCGATAAGTCGTGTCTTACCGGGTTGGACTCAAGACGATAGTTACCGGATAAGGCGCAGCGGTCGGGCTGAACGGGGGGTTCGTGCACACAGCCCAGCTTGGAGCGAACGACCTACACCGAACTGAGATACCTACAGCGTGAGCTATGAGAAAGCGCCACGCTTCCCGAAGGGAGAAAGGCGGACAGGTATCCGGTAAGCGGCAGGGTCGGAACAGGAGAGCGCACGAGGGAGCTTCCAGGGGGAAACGCCTGGTATCTTTATAGTCCTGTCGGGTTTCGCCACCTCTGACTTGAGCGTCGATTTTTGTGATGCTCGTCAGGGGGGCGGAGCCTATGGAAAAACGCCAGCAACGCGGCCTTTTTACGGTTCCTGGCCTTTTGCTGGCCTTTTGCTCACATGTTCTTTCCTGCGTTATCCCCTGATTCTGTGGATAACCGTATTACCGCCTTTGAGTGAGCTGATACCGCTCGCCGCAGCCGAACGACCGAGCGCAGCGAGTCAGTGAGCGAGGAAGCGGAAGAGCGCCCAATACGCAAACCGCCTCTCCCCGCGCGTTGGCCGATTCATTAATGCAGCTGGCACGACAGGTTTCCCGACTGGAAAGCGGGCAGTGAGCGCAACGCAATTAATGTGAGTTAGCTCACTCATTAGGCAGGCGCGCCCAGCTGTCT,3234,931
pJ0-E17-C_NOC,AGGGCGGCGGATTTGTCCTACTCAGGAGAGCGTTCACCGACAAACAACAGATAAAACGAAAGGCCCAGTCTTTCGACTGAGCCTTTCGTTTTATTTGATGCCTTTAATTAAGGAGTTTTGCAGGTGCACCTGCTTTTCGCTGAATTCGCGGCCGCTTCTAGAGGGTCTGCGATGTTTGGTCTCAAATGAGCTCCTCTTTACAATTGGCACCAGAAATAGAAAAGTTGCCTCAGAGTGATATTTACTGGGACCCCATCGTTTCTATTACGGAGACTGGAGTCGAAGAGGTTTTTGATTTGACTGTGCCAGGACTACGTAACTTTGTCGCCAATGACATCATTGTACATAACAGCGATCTGCAGAGCACACCGGATGAAGTTAATGCAGCACTGGATCGTCTGCTGATTGCAGATGCACTGGCACAGCTGAGCGCAGAACATCGTGCAGTTATTCAGCGTAGCTATTATCGTGGTTGGAGCACCGCACAGATTGCAACCGATCTGGGTATTGCAGAAGGCACCGTTAAAAGCCGTCTGCATTATGCAGTTCGTGCCCTGCGCCTGACCCTGCAAGAACTGGGTGTTACCCGTTAATAAGCTTTGAGACCTTTCATCGCGACCTACTAGTAGCGGCCGCTGCAGGGAGTTGTCTTCGAAGACTTCGCTCTAGTCTTGGACTCCTGTTGATAGATCCAGTAATGACCTCAGAACTCCATCTGGATTTGTTCAGAACGCTCGGTTGCCGCCGGGCGTTTTTTATTGGTGAGAATCCAGGGGTCCCCAATAATTACGATTTAAATTAGTAGCCCGCCTAATGAGCGGGCTTTTTTTTAATTCCCCTATTTGTTTATTTTTCTAAATACATTCAAATATGTATCCGCTCATGAGACAATAACCCTGATAAATGCTTCAATAATATTGAAAAAGGAAGAGTATGAGCATTCAGCATTTTCGTGTGGCGCTGATTCCGTTTTTTGCGGCGTTTTGCCTGCCGGTGTTTGCGCATCCGGAAACCCTGGTGAAAGTGAAAGATGCGGAAGATCAACTGGGTGCGCGCGTGGGCTATATTGAACTGGATCTGAACAGCGGCAAAATTCTGGAATCTTTTCGTCCGGAAGAACGTTTTCCGATGATGAGCACCTTTAAAGTGCTGCTGTGCGGTGCGGTTCTGAGCCGTGTGGATGCGGGCCAGGAACAACTGGGCCGTCGTATTCATTATAGCCAGAACGATCTGGTGGAATATAGCCCGGTGACCGAAAAACATCTGACCGATGGCATGACCGTGCGTGAACTGTGCAGCGCGGCGATTACCATGAGCGATAACACCGCGGCGAACCTGCTGCTGACGACCATTGGCGGTCCGAAAGAACTGACCGCGTTTCTGCATAACATGGGCGATCATGTGACCCGTCTGGATCGTTGGGAACCGGAACTGAACGAAGCGATTCCGAACGATGAACGTGATACCACCATGCCGGCAGCAATGGCGACCACCCTGCGTAAACTGCTGACGGGTGAGCTGCTGACCCTGGCAAGCCGCCAGCAACTGATTGATTGGATGGAAGCGGATAAAGTGGCGGGTCCGCTGCTGCGTAGCGCGCTGCCGGCTGGCTGGTTTATTGCGGATAAAAGCGGTGCGGGCGAACGTGGCAGCCGTGGCATTATTGCGGCGCTGGGCCCGGATGGTAAACCGAGCCGTATTGTGGTGATTTATACCACCGGCAGCCAGGCGACGATGGATGAACGTAACCGTCAGATTGCGGAAATTGGCGCGAGCCTGATTAAACATTGGTAAACCGATACAATTAAAGGCTCCTTTTGGAGCCTTTTTTTTTGGACGACCCTTGTCCTTTTCCGCTGCATAACCCTGCTTCGGGGTCATTATAGCGATTTTTTCGGTATATCCATCCTTTTTCGCACGATATACAGGATTTTGCCAAAGGGTTCGTGTAGACTTTCCTTGGTGTATCCAACGGCGTCAGCCGGGCAGGATAGGTGAAGTAGGCCCACCCGCGAGCGGGTGTTCCTTCTTCACTGTCCCTTATTCGCACCTGGCGGTGCTCAACGGGAATCCTGCTCTGCGAGGCTGGCCGTAGGCCGGCCCCGTAGAAAAGATCAAAGGATCTTCTTGAGATCCTTTTTTTCTGCGCGTAATCTGCTGCTTGCAAACAAAAAAACCACCGCTACCAGCGGTGGTTTGTTTGCCGGATCAAGAGCTACCAACTCTTTTTCCGAAGGTAACTGGCTTCAGCAGAGCGCAGATACCAAATACTGTTCTTCTAGTGTAGCCGTAGTTAGGCCACCACTTCAAGAACTCTGTAGCACCGCCTACATACCTCGCTCTGCTAATCCTGTTACCAGTGGCTGCTGCCAGTGGCGATAAGTCGTGTCTTACCGGGTTGGACTCAAGACGATAGTTACCGGATAAGGCGCAGCGGTCGGGCTGAACGGGGGGTTCGTGCACACAGCCCAGCTTGGAGCGAACGACCTACACCGAACTGAGATACCTACAGCGTGAGCTATGAGAAAGCGCCACGCTTCCCGAAGGGAGAAAGGCGGACAGGTATCCGGTAAGCGGCAGGGTCGGAACAGGAGAGCGCACGAGGGAGCTTCCAGGGGGAAACGCCTGGTATCTTTATAGTCCTGTCGGGTTTCGCCACCTCTGACTTGAGCGTCGATTTTTGTGATGCTCGTCAGGGGGGCGGAGCCTATGGAAAAACGCCAGCAACGCGGCCTTTTTACGGTTCCTGGCCTTTTGCTGGCCTTTTGCTCACATGTTCTTTCCTGCGTTATCCCCTGATTCTGTGGATAACCGTATTACCGCCTTTGAGTGAGCTGATACCGCTCGCCGCAGCCGAACGACCGAGCGCAGCGAGTCAGTGAGCGAGGAAGCGGAAGAGCGCCCAATACGCAAACCGCCTCTCCCCGCGCGTTGGCCGATTCATTAATGCAGCTGGCACGACAGGTTTCCCGACTGGAAAGCGGGCAGTGAGCGCAACGCAATTAATGTGAGTTAGCTCACTCATTAGGCAGGCGCGCCCAGCTGTCT,3048,745
pJ0-E22-N_NOC,AGGGCGGCGGATTTGTCCTACTCAGGAGAGCGTTCACCGACAAACAACAGATAAAACGAAAGGCCCAGTCTTTCGACTGAGCCTTTCGTTTTATTTGATGCCTTTAATTAAGGAGTTTTGCAGGTGCACCTGCTTTTCGCTGAATTCGCGGCCGCTTCTAGAGGGTCTGCGATGTTTGGTCTCAAATGCCGCAGCAGACCGATCTGCATGCACGTTTTAGCGCACTGATGCAGCAGCATCGTGGTATTGTTCTGAAAGTTGCAGCAAGCTATTGTCGTGATCCGGATGATCGTGCAGATCTGGCACAGGATATTGCAACCCATCTGTGGCGTGCATTTCCGAGCTATGATCCGCATCGTCGTTTTAGCACCTGGATGTATCGTATTGCACTGAATGTTGCAATTAGCGATCTGCGTAGCCGTCGTTCAAACCTTTGTCTCACGGGCGATGCTAAAATCGACGTACTTATCGATAATATTCCTATCTCCCAGATATCCCTGGAGGAAGTTGTTAACCTGTTTAATGAAGGCAAAGAGATATATGTTTTGTCTTATAATATTGATACCAAGGAGGTTGAATATAAAGAAATTTCTGACGCAGGTCTCATCAGTGAATCTGCCGAAGTGCTGGAAATCATTGACGAAGAAACTGGGCAGAAAATTGTTTGTACCCCTGATCATAAAGTGTATACTCTGAACCGGGGGTACGTTTCTGCTAAGGATCTCAAAGAAGACGATGAGCTGGTGTTTAGCTAATAAGCTTTGAGACCTTTCATCGCGACCTACTAGTAGCGGCCGCTGCAGGGAGTTGTCTTCGAAGACTTCGCTCTAGTCTTGGACTCCTGTTGATAGATCCAGTAATGACCTCAGAACTCCATCTGGATTTGTTCAGAACGCTCGGTTGCCGCCGGGCGTTTTTTATTGGTGAGAATCCAGGGGTCCCCAATAATTACGATTTAAATTAGTAGCCCGCCTAATGAGCGGGCTTTTTTTTAATTCCCCTATTTGTTTATTTTTCTAAATACATTCAAATATGTATCCGCTCATGAGACAATAACCCTGATAAATGCTTCAATAATATTGAAAAAGGAAGAGTATGAGCATTCAGCATTTTCGTGTGGCGCTGATTCCGTTTTTTGCGGCGTTTTGCCTGCCGGTGTTTGCGCATCCGGAAACCCTGGTGAAAGTGAAAGATGCGGAAGATCAACTGGGTGCGCGCGTGGGCTATATTGAACTGGATCTGAACAGCGGCAAAATTCTGGAATCTTTTCGTCCGGAAGAACGTTTTCCGATGATGAGCACCTTTAAAGTGCTGCTGTGCGGTGCGGTTCTGAGCCGTGTGGATGCGGGCCAGGAACAACTGGGCCGTCGTATTCATTATAGCCAGAACGATCTGGTGGAATATAGCCCGGTGACCGAAAAACATCTGACCGATGGCATGACCGTGCGTGAACTGTGCAGCGCGGCGATTACCATGAGCGATAACACCGCGGCGAACCTGCTGCTGACGACCATTGGCGGTCCGAAAGAACTGACCGCGTTTCTGCATAACATGGGCGATCATGTGACCCGTCTGGATCGTTGGGAACCGGAACTGAACGAAGCGATTCCGAACGATGAACGTGATACCACCATGCCGGCAGCAATGGCGACCACCCTGCGTAAACTGCTGACGGGTGAGCTGCTGACCCTGGCAAGCCGCCAGCAACTGATTGATTGGATGGAAGCGGATAAAGTGGCGGGTCCGCTGCTGCGTAGCGCGCTGCCGGCTGGCTGGTTTATTGCGGATAAAAGCGGTGCGGGCGAACGTGGCAGCCGTGGCATTATTGCGGCGCTGGGCCCGGATGGTAAACCGAGCCGTATTGTGGTGATTTATACCACCGGCAGCCAGGCGACGATGGATGAACGTAACCGTCAGATTGCGGAAATTGGCGCGAGCCTGATTAAACATTGGTAAACCGATACAATTAAAGGCTCCTTTTGGAGCCTTTTTTTTTGGACGACCCTTGTCCTTTTCCGCTGCATAACCCTGCTTCGGGGTCATTATAGCGATTTTTTCGGTATATCCATCCTTTTTCGCACGATATACAGGATTTTGCCAAAGGGTTCGTGTAGACTTTCCTTGGTGTATCCAACGGCGTCAGCCGGGCAGGATAGGTGAAGTAGGCCCACCCGCGAGCGGGTGTTCCTTCTTCACTGTCCCTTATTCGCACCTGGCGGTGCTCAACGGGAATCCTGCTCTGCGAGGCTGGCCGTAGGCCGGCCCCGTAGAAAAGATCAAAGGATCTTCTTGAGATCCTTTTTTTCTGCGCGTAATCTGCTGCTTGCAAACAAAAAAACCACCGCTACCAGCGGTGGTTTGTTTGCCGGATCAAGAGCTACCAACTCTTTTTCCGAAGGTAACTGGCTTCAGCAGAGCGCAGATACCAAATACTGTTCTTCTAGTGTAGCCGTAGTTAGGCCACCACTTCAAGAACTCTGTAGCACCGCCTACATACCTCGCTCTGCTAATCCTGTTACCAGTGGCTGCTGCCAGTGGCGATAAGTCGTGTCTTACCGGGTTGGACTCAAGACGATAGTTACCGGATAAGGCGCAGCGGTCGGGCTGAACGGGGGGTTCGTGCACACAGCCCAGCTTGGAGCGAACGACCTACACCGAACTGAGATACCTACAGCGTGAGCTATGAGAAAGCGCCACGCTTCCCGAAGGGAGAAAGGCGGACAGGTATCCGGTAAGCGGCAGGGTCGGAACAGGAGAGCGCACGAGGGAGCTTCCAGGGGGAAACGCCTGGTATCTTTATAGTCCTGTCGGGTTTCGCCACCTCTGACTTGAGCGTCGATTTTTGTGATGCTCGTCAGGGGGGCGGAGCCTATGGAAAAACGCCAGCAACGCGGCCTTTTTACGGTTCCTGGCCTTTTGCTGGCCTTTTGCTCACATGTTCTTTCCTGCGTTATCCCCTGATTCTGTGGATAACCGTATTACCGCCTTTGAGTGAGCTGATACCGCTCGCCGCAGCCGAACGACCGAGCGCAGCGAGTCAGTGAGCGAGGAAGCGGAAGAGCGCCCAATACGCAAACCGCCTCTCCCCGCGCGTTGGCCGATTCATTAATGCAGCTGGCACGACAGGTTTCCCGACTGGAAAGCGGGCAGTGAGCGCAACGCAATTAATGTGAGTTAGCTCACTCATTAGGCAGGCGCGCCCAGCTGTCT,3210,907
pJ0-E22-C_NOC,AGGGCGGCGGATTTGTCCTACTCAGGAGAGCGTTCACCGACAAACAACAGATAAAACGAAAGGCCCAGTCTTTCGACTGAGCCTTTCGTTTTATTTGATGCCTTTAATTAAGGAGTTTTGCAGGTGCACCTGCTTTTCGCTGAATTCGCGGCCGCTTCTAGAGGGTCTGCGATGTTTGGTCTCAAATGGGTTTAAAAATTATAAAACGTGAATCAAAGGAACCAGTGTTTGACATTACTGTCAAAGATAATAGCAATTTTTTTGCCAATAATATCTTGGTGCATAACTGCAATGAGCTGGATGTTGGCACCCTGGTTGATAGCATTGCAGATCCGCATGCTCGCGATCCGGCACGTGAACATCAGCTGACCGCACTGTATACCTTTATTGCACAGCTGCCTCGTCTGGAACGTGCCCTGATGCTGCTGTATCTGGATGATCATAGTTATCGTGAAATTGCAGATGTGCTGGGTATTAGCGAAACCAATGTTGCCACCAAACTGAGCCGTCTGAAAGCACGTATTCGTGCAGAACTGTAATAAGCTTTGAGACCTTTCATCGCGACCTACTAGTAGCGGCCGCTGCAGGGAGTTGTCTTCGAAGACTTCGCTCTAGTCTTGGACTCCTGTTGATAGATCCAGTAATGACCTCAGAACTCCATCTGGATTTGTTCAGAACGCTCGGTTGCCGCCGGGCGTTTTTTATTGGTGAGAATCCAGGGGTCCCCAATAATTACGATTTAAATTAGTAGCCCGCCTAATGAGCGGGCTTTTTTTTAATTCCCCTATTTGTTTATTTTTCTAAATACATTCAAATATGTATCCGCTCATGAGACAATAACCCTGATAAATGCTTCAATAATATTGAAAAAGGAAGAGTATGAGCATTCAGCATTTTCGTGTGGCGCTGATTCCGTTTTTTGCGGCGTTTTGCCTGCCGGTGTTTGCGCATCCGGAAACCCTGGTGAAAGTGAAAGATGCGGAAGATCAACTGGGTGCGCGCGTGGGCTATATTGAACTGGATCTGAACAGCGGCAAAATTCTGGAATCTTTTCGTCCGGAAGAACGTTTTCCGATGATGAGCACCTTTAAAGTGCTGCTGTGCGGTGCGGTTCTGAGCCGTGTGGATGCGGGCCAGGAACAACTGGGCCGTCGTATTCATTATAGCCAGAACGATCTGGTGGAATATAGCCCGGTGACCGAAAAACATCTGACCGATGGCATGACCGTGCGTGAACTGTGCAGCGCGGCGATTACCATGAGCGATAACACCGCGGCGAACCTGCTGCTGACGACCATTGGCGGTCCGAAAGAACTGACCGCGTTTCTGCATAACATGGGCGATCATGTGACCCGTCTGGATCGTTGGGAACCGGAACTGAACGAAGCGATTCCGAACGATGAACGTGATACCACCATGCCGGCAGCAATGGCGACCACCCTGCGTAAACTGCTGACGGGTGAGCTGCTGACCCTGGCAAGCCGCCAGCAACTGATTGATTGGATGGAAGCGGATAAAGTGGCGGGTCCGCTGCTGCGTAGCGCGCTGCCGGCTGGCTGGTTTATTGCGGATAAAAGCGGTGCGGGCGAACGTGGCAGCCGTGGCATTATTGCGGCGCTGGGCCCGGATGGTAAACCGAGCCGTATTGTGGTGATTTATACCACCGGCAGCCAGGCGACGATGGATGAACGTAACCGTCAGATTGCGGAAATTGGCGCGAGCCTGATTAAACATTGGTAAACCGATACAATTAAAGGCTCCTTTTGGAGCCTTTTTTTTTGGACGACCCTTGTCCTTTTCCGCTGCATAACCCTGCTTCGGGGTCATTATAGCGATTTTTTCGGTATATCCATCCTTTTTCGCACGATATACAGGATTTTGCCAAAGGGTTCGTGTAGACTTTCCTTGGTGTATCCAACGGCGTCAGCCGGGCAGGATAGGTGAAGTAGGCCCACCCGCGAGCGGGTGTTCCTTCTTCACTGTCCCTTATTCGCACCTGGCGGTGCTCAACGGGAATCCTGCTCTGCGAGGCTGGCCGTAGGCCGGCCCCGTAGAAAAGATCAAAGGATCTTCTTGAGATCCTTTTTTTCTGCGCGTAATCTGCTGCTTGCAAACAAAAAAACCACCGCTACCAGCGGTGGTTTGTTTGCCGGATCAAGAGCTACCAACTCTTTTTCCGAAGGTAACTGGCTTCAGCAGAGCGCAGATACCAAATACTGTTCTTCTAGTGTAGCCGTAGTTAGGCCACCACTTCAAGAACTCTGTAGCACCGCCTACATACCTCGCTCTGCTAATCCTGTTACCAGTGGCTGCTGCCAGTGGCGATAAGTCGTGTCTTACCGGGTTGGACTCAAGACGATAGTTACCGGATAAGGCGCAGCGGTCGGGCTGAACGGGGGGTTCGTGCACACAGCCCAGCTTGGAGCGAACGACCTACACCGAACTGAGATACCTACAGCGTGAGCTATGAGAAAGCGCCACGCTTCCCGAAGGGAGAAAGGCGGACAGGTATCCGGTAAGCGGCAGGGTCGGAACAGGAGAGCGCACGAGGGAGCTTCCAGGGGGAAACGCCTGGTATCTTTATAGTCCTGTCGGGTTTCGCCACCTCTGACTTGAGCGTCGATTTTTGTGATGCTCGTCAGGGGGGCGGAGCCTATGGAAAAACGCCAGCAACGCGGCCTTTTTACGGTTCCTGGCCTTTTGCTGGCCTTTTGCTCACATGTTCTTTCCTGCGTTATCCCCTGATTCTGTGGATAACCGTATTACCGCCTTTGAGTGAGCTGATACCGCTCGCCGCAGCCGAACGACCGAGCGCAGCGAGTCAGTGAGCGAGGAAGCGGAAGAGCGCCCAATACGCAAACCGCCTCTCCCCGCGCGTTGGCCGATTCATTAATGCAGCTGGCACGACAGGTTTCCCGACTGGAAAGCGGGCAGTGAGCGCAACGCAATTAATGTGAGTTAGCTCACTCATTAGGCAGGCGCGCCCAGCTGTCT,2994,691
pJ0-E34-N_NOC,AGGGCGGCGGATTTGTCCTACTCAGGAGAGCGTTCACCGACAAACAACAGATAAAACGAAAGGCCCAGTCTTTCGACTGAGCCTTTCGTTTTATTTGATGCCTTTAATTAAGGAGTTTTGCAGGTGCACCTGCTTTTCGCTGAATTCGCGGCCGCTTCTAGAGGGTCTGCGATGTTTGGTCTCAAATGAATACCCGTACCCGTCCGACCACCACACCGGTTCCGCCTGTTGAAGAAACCCGTTATGAAGAAGAACTGGCACACGGTCTGGTTAAAGCAGATGAAGATGCATTTGCAGCCATTTATCGTCGTTGGGGTAGCCTGGTTCATACCCTGGCAACCCGTAGCCTGGGTGATGCACATGAAGCAGAAGATGTTACCCAGCAGGTTTTTGTTGGTGCATGGCGTGGTCGTCATGGTTTTCGTCCGGAACGTGGCACCCTGGGAGCGTGGCTGGTTGGTATTACCCGTCGTAAAGTTGTTGATGCACTGGCAGCACGCACCCGTCGTCTGAGCCTGGTTGAAAGCGCAGGTCACGATGGAGCGCTGGCCTATGACGAACCCATCTATCTGTCGGATGGCAACATTATAAATATTGGTGAATTTGTTGATAAATTTTTCAAAAAGTACAAAAACTCTATCAAAAAGGAAGATAACGGTTTTGGATGGATTGACATTGGCAATGAAAACATTTACATTAAGTCGTTCAATAAGCTTAGTCTTATCATCGAAGATAAGCGCATTCTGCGGGTTTGGCGAAAAAAATACTCAGGTAAATTAATTAAGATCACCACCAAAAATCGCCGCGAGATTACACTAACACACGACCACCCTGTTTATATCTCTAAAACCGGTGAGGTGCTGGAAATTAATGCCGAAATGGTTAAAGTCGGTGATTACATTTACATCCCGAAAAATAACACGTAATAAGCTTTGAGACCTTTCATCGCGACCTACTAGTAGCGGCCGCTGCAGGGAGTTGTCTTCGAAGACTTCGCTCTAGTCTTGGACTCCTGTTGATAGATCCAGTAATGACCTCAGAACTCCATCTGGATTTGTTCAGAACGCTCGGTTGCCGCCGGGCGTTTTTTATTGGTGAGAATCCAGGGGTCCCCAATAATTACGATTTAAATTAGTAGCCCGCCTAATGAGCGGGCTTTTTTTTAATTCCCCTATTTGTTTATTTTTCTAAATACATTCAAATATGTATCCGCTCATGAGACAATAACCCTGATAAATGCTTCAATAATATTGAAAAAGGAAGAGTATGAGCATTCAGCATTTTCGTGTGGCGCTGATTCCGTTTTTTGCGGCGTTTTGCCTGCCGGTGTTTGCGCATCCGGAAACCCTGGTGAAAGTGAAAGATGCGGAAGATCAACTGGGTGCGCGCGTGGGCTATATTGAACTGGATCTGAACAGCGGCAAAATTCTGGAATCTTTTCGTCCGGAAGAACGTTTTCCGATGATGAGCACCTTTAAAGTGCTGCTGTGCGGTGCGGTTCTGAGCCGTGTGGATGCGGGCCAGGAACAACTGGGCCGTCGTATTCATTATAGCCAGAACGATCTGGTGGAATATAGCCCGGTGACCGAAAAACATCTGACCGATGGCATGACCGTGCGTGAACTGTGCAGCGCGGCGATTACCATGAGCGATAACACCGCGGCGAACCTGCTGCTGACGACCATTGGCGGTCCGAAAGAACTGACCGCGTTTCTGCATAACATGGGCGATCATGTGACCCGTCTGGATCGTTGGGAACCGGAACTGAACGAAGCGATTCCGAACGATGAACGTGATACCACCATGCCGGCAGCAATGGCGACCACCCTGCGTAAACTGCTGACGGGTGAGCTGCTGACCCTGGCAAGCCGCCAGCAACTGATTGATTGGATGGAAGCGGATAAAGTGGCGGGTCCGCTGCTGCGTAGCGCGCTGCCGGCTGGCTGGTTTATTGCGGATAAAAGCGGTGCGGGCGAACGTGGCAGCCGTGGCATTATTGCGGCGCTGGGCCCGGATGGTAAACCGAGCCGTATTGTGGTGATTTATACCACCGGCAGCCAGGCGACGATGGATGAACGTAACCGTCAGATTGCGGAAATTGGCGCGAGCCTGATTAAACATTGGTAAACCGATACAATTAAAGGCTCCTTTTGGAGCCTTTTTTTTTGGACGACCCTTGTCCTTTTCCGCTGCATAACCCTGCTTCGGGGTCATTATAGCGATTTTTTCGGTATATCCATCCTTTTTCGCACGATATACAGGATTTTGCCAAAGGGTTCGTGTAGACTTTCCTTGGTGTATCCAACGGCGTCAGCCGGGCAGGATAGGTGAAGTAGGCCCACCCGCGAGCGGGTGTTCCTTCTTCACTGTCCCTTATTCGCACCTGGCGGTGCTCAACGGGAATCCTGCTCTGCGAGGCTGGCCGTAGGCCGGCCCCGTAGAAAAGATCAAAGGATCTTCTTGAGATCCTTTTTTTCTGCGCGTAATCTGCTGCTTGCAAACAAAAAAACCACCGCTACCAGCGGTGGTTTGTTTGCCGGATCAAGAGCTACCAACTCTTTTTCCGAAGGTAACTGGCTTCAGCAGAGCGCAGATACCAAATACTGTTCTTCTAGTGTAGCCGTAGTTAGGCCACCACTTCAAGAACTCTGTAGCACCGCCTACATACCTCGCTCTGCTAATCCTGTTACCAGTGGCTGCTGCCAGTGGCGATAAGTCGTGTCTTACCGGGTTGGACTCAAGACGATAGTTACCGGATAAGGCGCAGCGGTCGGGCTGAACGGGGGGTTCGTGCACACAGCCCAGCTTGGAGCGAACGACCTACACCGAACTGAGATACCTACAGCGTGAGCTATGAGAAAGCGCCACGCTTCCCGAAGGGAGAAAGGCGGACAGGTATCCGGTAAGCGGCAGGGTCGGAACAGGAGAGCGCACGAGGGAGCTTCCAGGGGGAAACGCCTGGTATCTTTATAGTCCTGTCGGGTTTCGCCACCTCTGACTTGAGCGTCGATTTTTGTGATGCTCGTCAGGGGGGCGGAGCCTATGGAAAAACGCCAGCAACGCGGCCTTTTTACGGTTCCTGGCCTTTTGCTGGCCTTTTGCTCACATGTTCTTTCCTGCGTTATCCCCTGATTCTGTGGATAACCGTATTACCGCCTTTGAGTGAGCTGATACCGCTCGCCGCAGCCGAACGACCGAGCGCAGCGAGTCAGTGAGCGAGGAAGCGGAAGAGCGCCCAATACGCAAACCGCCTCTCCCCGCGCGTTGGCCGATTCATTAATGCAGCTGGCACGACAGGTTTCCCGACTGGAAAGCGGGCAGTGAGCGCAACGCAATTAATGTGAGTTAGCTCACTCATTAGGCAGGCGCGCCCAGCTGTCT,3381,1078
pJ0-E34-C_NOC,AGGGCGGCGGATTTGTCCTACTCAGGAGAGCGTTCACCGACAAACAACAGATAAAACGAAAGGCCCAGTCTTTCGACTGAGCCTTTCGTTTTATTTGATGCCTTTAATTAAGGAGTTTTGCAGGTGCACCTGCTTTTCGCTGAATTCGCGGCCGCTTCTAGAGGGTCTGCGATGTTTGGTCTCAAATGATTAACCTGGATGAAGTAATCAAAGTTGAAACAGTGGACTATAATGGCCACATTTATGATTTAACCGTCGAGGATAATCACACCTACATCGCAGGTAAGAACGAGGGCTTCGCTGTTTCAAATTGCTCGGGTCGTCTGGTTCAGCCTGCACTGGATGAAGTTCTGGATCGTGTTCTGCTGGTTGAAGCACTGAGCCGTCTGCCGCAGGCACAGCGTGATGTTCTGTGTATGGCATTTTATGAAGATCTGACCCAGGCACAGATTGCAGAACGTACCGGTGTTCCGCTGGGCACCGTTAAAAGCCATGCACGTCGTGGTCTGCATCGTCTGCGTACCGCAGTTGGTCCGGGTGCAGCACATGATACCTGTGTTTAATAAGCTTTGAGACCTTTCATCGCGACCTACTAGTAGCGGCCGCTGCAGGGAGTTGTCTTCGAAGACTTCGCTCTAGTCTTGGACTCCTGTTGATAGATCCAGTAATGACCTCAGAACTCCATCTGGATTTGTTCAGAACGCTCGGTTGCCGCCGGGCGTTTTTTATTGGTGAGAATCCAGGGGTCCCCAATAATTACGATTTAAATTAGTAGCCCGCCTAATGAGCGGGCTTTTTTTTAATTCCCCTATTTGTTTATTTTTCTAAATACATTCAAATATGTATCCGCTCATGAGACAATAACCCTGATAAATGCTTCAATAATATTGAAAAAGGAAGAGTATGAGCATTCAGCATTTTCGTGTGGCGCTGATTCCGTTTTTTGCGGCGTTTTGCCTGCCGGTGTTTGCGCATCCGGAAACCCTGGTGAAAGTGAAAGATGCGGAAGATCAACTGGGTGCGCGCGTGGGCTATATTGAACTGGATCTGAACAGCGGCAAAATTCTGGAATCTTTTCGTCCGGAAGAACGTTTTCCGATGATGAGCACCTTTAAAGTGCTGCTGTGCGGTGCGGTTCTGAGCCGTGTGGATGCGGGCCAGGAACAACTGGGCCGTCGTATTCATTATAGCCAGAACGATCTGGTGGAATATAGCCCGGTGACCGAAAAACATCTGACCGATGGCATGACCGTGCGTGAACTGTGCAGCGCGGCGATTACCATGAGCGATAACACCGCGGCGAACCTGCTGCTGACGACCATTGGCGGTCCGAAAGAACTGACCGCGTTTCTGCATAACATGGGCGATCATGTGACCCGTCTGGATCGTTGGGAACCGGAACTGAACGAAGCGATTCCGAACGATGAACGTGATACCACCATGCCGGCAGCAATGGCGACCACCCTGCGTAAACTGCTGACGGGTGAGCTGCTGACCCTGGCAAGCCGCCAGCAACTGATTGATTGGATGGAAGCGGATAAAGTGGCGGGTCCGCTGCTGCGTAGCGCGCTGCCGGCTGGCTGGTTTATTGCGGATAAAAGCGGTGCGGGCGAACGTGGCAGCCGTGGCATTATTGCGGCGCTGGGCCCGGATGGTAAACCGAGCCGTATTGTGGTGATTTATACCACCGGCAGCCAGGCGACGATGGATGAACGTAACCGTCAGATTGCGGAAATTGGCGCGAGCCTGATTAAACATTGGTAAACCGATACAATTAAAGGCTCCTTTTGGAGCCTTTTTTTTTGGACGACCCTTGTCCTTTTCCGCTGCATAACCCTGCTTCGGGGTCATTATAGCGATTTTTTCGGTATATCCATCCTTTTTCGCACGATATACAGGATTTTGCCAAAGGGTTCGTGTAGACTTTCCTTGGTGTATCCAACGGCGTCAGCCGGGCAGGATAGGTGAAGTAGGCCCACCCGCGAGCGGGTGTTCCTTCTTCACTGTCCCTTATTCGCACCTGGCGGTGCTCAACGGGAATCCTGCTCTGCGAGGCTGGCCGTAGGCCGGCCCCGTAGAAAAGATCAAAGGATCTTCTTGAGATCCTTTTTTTCTGCGCGTAATCTGCTGCTTGCAAACAAAAAAACCACCGCTACCAGCGGTGGTTTGTTTGCCGGATCAAGAGCTACCAACTCTTTTTCCGAAGGTAACTGGCTTCAGCAGAGCGCAGATACCAAATACTGTTCTTCTAGTGTAGCCGTAGTTAGGCCACCACTTCAAGAACTCTGTAGCACCGCCTACATACCTCGCTCTGCTAATCCTGTTACCAGTGGCTGCTGCCAGTGGCGATAAGTCGTGTCTTACCGGGTTGGACTCAAGACGATAGTTACCGGATAAGGCGCAGCGGTCGGGCTGAACGGGGGGTTCGTGCACACAGCCCAGCTTGGAGCGAACGACCTACACCGAACTGAGATACCTACAGCGTGAGCTATGAGAAAGCGCCACGCTTCCCGAAGGGAGAAAGGCGGACAGGTATCCGGTAAGCGGCAGGGTCGGAACAGGAGAGCGCACGAGGGAGCTTCCAGGGGGAAACGCCTGGTATCTTTATAGTCCTGTCGGGTTTCGCCACCTCTGACTTGAGCGTCGATTTTTGTGATGCTCGTCAGGGGGGCGGAGCCTATGGAAAAACGCCAGCAACGCGGCCTTTTTACGGTTCCTGGCCTTTTGCTGGCCTTTTGCTCACATGTTCTTTCCTGCGTTATCCCCTGATTCTGTGGATAACCGTATTACCGCCTTTGAGTGAGCTGATACCGCTCGCCGCAGCCGAACGACCGAGCGCAGCGAGTCAGTGAGCGAGGAAGCGGAAGAGCGCCCAATACGCAAACCGCCTCTCCCCGCGCGTTGGCCGATTCATTAATGCAGCTGGCACGACAGGTTTCCCGACTGGAAAGCGGGCAGTGAGCGCAACGCAATTAATGTGAGTTAGCTCACTCATTAGGCAGGCGCGCCCAGCTGTCT,3018,715
pJ0-GFPmut3b_NOC,AGGGCGGCGGATTTGTCCTACTCAGGAGAGCGTTCACCGACAAACAACAGATAAAACGAAAGGCCCAGTCTTTCGACTGAGCCTTTCGTTTTATTTGATGCCTTTAATTAAGGAGTTTTGCAGGTGCACCTGCTTTTCGCTGAATTCGCGGCCGCTTCTAGAGGGTCTGCGATGTTTGGTCTCAAATGCGTAAAGGAGAAGAACTTTTCACTGGAGTTGTCCCAATTCTTGTTGAATTAGATGGTGATGTTAATGGGCACAAATTTTCTGTCAGTGGAGAGGGTGAAGGTGATGCAACATACGGAAAACTTACCCTTAAATTTATTTGCACTACTGGAAAACTACCTGTTCCATGGCCAACACTTGTCACTACTTTCGGTTATGGTGTTCAATGCTTTGCGAGATACCCAGATCATATGAAACAGCATGACTTTTTCAAGAGTGCCATGCCCGAAGGTTATGTACAGGAAAGAACTATATTTTTCAAAGATGACGGGAACTACAAGACACGTGCTGAAGTCAAGTTTGAAGGTGATACCCTTGTTAATAGAATCGAGTTAAAAGGTATTGATTTTAAAGAAGATGGAAACATTCTTGGACACAAATTGGAATACAACTATAACTCACACAATGTATACATCATGGCAGACAAACAAAAGAATGGAATCAAAGTTAACTTCAAAATTAGACACAACATTGAAGATGGAAGCGTTCAACTAGCAGACCATTATCAACAAAATACTCCAATTGGCGATGGCCCTGTCCTTTTACCAGACAACCATTACCTGTCCACACAATCTGCCCTTTCGAAAGATCCCAACGAAAAGAGAGACCACATGGTCCTTCTTGAGTTTGTAACAGCTGCTGGGATTACACATGGCATGGATGAACTATACAAATAATAAGCTTTGAGACCTTTCATCGCGACCTACTAGTAGCGGCCGCTGCAGGGAGTTGTCTTCGAAGACTTCGCTCTAGTCTTGGACTCCTGTTGATAGATCCAGTAATGACCTCAGAACTCCATCTGGATTTGTTCAGAACGCTCGGTTGCCGCCGGGCGTTTTTTATTGGTGAGAATCCAGGGGTCCCCAATAATTACGATTTAAATTAGTAGCCCGCCTAATGAGCGGGCTTTTTTTTAATTCCCCTATTTGTTTATTTTTCTAAATACATTCAAATATGTATCCGCTCATGAGACAATAACCCTGATAAATGCTTCAATAATATTGAAAAAGGAAGAGTATGAGCATTCAGCATTTTCGTGTGGCGCTGATTCCGTTTTTTGCGGCGTTTTGCCTGCCGGTGTTTGCGCATCCGGAAACCCTGGTGAAAGTGAAAGATGCGGAAGATCAACTGGGTGCGCGCGTGGGCTATATTGAACTGGATCTGAACAGCGGCAAAATTCTGGAATCTTTTCGTCCGGAAGAACGTTTTCCGATGATGAGCACCTTTAAAGTGCTGCTGTGCGGTGCGGTTCTGAGCCGTGTGGATGCGGGCCAGGAACAACTGGGCCGTCGTATTCATTATAGCCAGAACGATCTGGTGGAATATAGCCCGGTGACCGAAAAACATCTGACCGATGGCATGACCGTGCGTGAACTGTGCAGCGCGGCGATTACCATGAGCGATAACACCGCGGCGAACCTGCTGCTGACGACCATTGGCGGTCCGAAAGAACTGACCGCGTTTCTGCATAACATGGGCGATCATGTGACCCGTCTGGATCGTTGGGAACCGGAACTGAACGAAGCGATTCCGAACGATGAACGTGATACCACCATGCCGGCAGCAATGGCGACCACCCTGCGTAAACTGCTGACGGGTGAGCTGCTGACCCTGGCAAGCCGCCAGCAACTGATTGATTGGATGGAAGCGGATAAAGTGGCGGGTCCGCTGCTGCGTAGCGCGCTGCCGGCTGGCTGGTTTATTGCGGATAAAAGCGGTGCGGGCGAACGTGGCAGCCGTGGCATTATTGCGGCGCTGGGCCCGGATGGTAAACCGAGCCGTATTGTGGTGATTTATACCACCGGCAGCCAGGCGACGATGGATGAACGTAACCGTCAGATTGCGGAAATTGGCGCGAGCCTGATTAAACATTGGTAAACCGATACAATTAAAGGCTCCTTTTGGAGCCTTTTTTTTTGGACGACCCTTGTCCTTTTCCGCTGCATAACCCTGCTTCGGGGTCATTATAGCGATTTTTTCGGTATATCCATCCTTTTTCGCACGATATACAGGATTTTGCCAAAGGGTTCGTGTAGACTTTCCTTGGTGTATCCAACGGCGTCAGCCGGGCAGGATAGGTGAAGTAGGCCCACCCGCGAGCGGGTGTTCCTTCTTCACTGTCCCTTATTCGCACCTGGCGGTGCTCAACGGGAATCCTGCTCTGCGAGGCTGGCCGTAGGCCGGCCCCGTAGAAAAGATCAAAGGATCTTCTTGAGATCCTTTTTTTCTGCGCGTAATCTGCTGCTTGCAAACAAAAAAACCACCGCTACCAGCGGTGGTTTGTTTGCCGGATCAAGAGCTACCAACTCTTTTTCCGAAGGTAACTGGCTTCAGCAGAGCGCAGATACCAAATACTGTTCTTCTAGTGTAGCCGTAGTTAGGCCACCACTTCAAGAACTCTGTAGCACCGCCTACATACCTCGCTCTGCTAATCCTGTTACCAGTGGCTGCTGCCAGTGGCGATAAGTCGTGTCTTACCGGGTTGGACTCAAGACGATAGTTACCGGATAAGGCGCAGCGGTCGGGCTGAACGGGGGGTTCGTGCACACAGCCCAGCTTGGAGCGAACGACCTACACCGAACTGAGATACCTACAGCGTGAGCTATGAGAAAGCGCCACGCTTCCCGAAGGGAGAAAGGCGGACAGGTATCCGGTAAGCGGCAGGGTCGGAACAGGAGAGCGCACGAGGGAGCTTCCAGGGGGAAACGCCTGGTATCTTTATAGTCCTGTCGGGTTTCGCCACCTCTGACTTGAGCGTCGATTTTTGTGATGCTCGTCAGGGGGGCGGAGCCTATGGAAAAACGCCAGCAACGCGGCCTTTTTACGGTTCCTGGCCTTTTGCTGGCCTTTTGCTCACATGTTCTTTCCTGCGTTATCCCCTGATTCTGTGGATAACCGTATTACCGCCTTTGAGTGAGCTGATACCGCTCGCCGCAGCCGAACGACCGAGCGCAGCGAGTCAGTGAGCGAGGAAGCGGAAGAGCGCCCAATACGCAAACCGCCTCTCCCCGCGCGTTGGCCGATTCATTAATGCAGCTGGCACGACAGGTTTCCCGACTGGAAAGCGGGCAGTGAGCGCAACGCAATTAATGTGAGTTAGCTCACTCATTAGGCAGGCGCGCCCAGCTGTCT,3357,1054
pJ0-mCherry_NOC,AGGGCGGCGGATTTGTCCTACTCAGGAGAGCGTTCACCGACAAACAACAGATAAAACGAAAGGCCCAGTCTTTCGACTGAGCCTTTCGTTTTATTTGATGCCTTTAATTAAGGAGTTTTGCAGGTGCACCTGCTTTTCGCTGAATTCGCGGCCGCTTCTAGAGGGTCTGCGATGTTTGGTCTCAAATGGTGAGCAAGGGCGAAGAAGACAACATGGCCATCATCAAGGAGTTCATGCGCTTCAAGGTGCACATGGAGGGCTCCGTGAACGGCCACGAGTTCGAGATCGAGGGCGAGGGCGAGGGCCGCCCCTACGAGGGCACCCAGACCGCCAAGCTGAAGGTGACCAAGGGTGGCCCCCTGCCCTTCGCCTGGGACATCCTGTCCCCTCAGTTCATGTACGGCTCCAAGGCCTACGTGAAGCACCCCGCCGACATCCCCGACTACTTGAAGCTGTCCTTCCCCGAGGGCTTCAAGTGGGAGCGCGTGATGAACTTCGAGGACGGCGGCGTGGTGACCGTGACCCAGGACTCCTCCTTGCAGGACGGCGAGTTCATCTACAAGGTGAAGCTGCGCGGCACCAACTTCCCCTCCGACGGCCCCGTAATGCAGAAGAAGACCATGGGCTGGGAGGCCTCCTCCGAGCGGATGTACCCCGAGGACGGCGCCCTGAAGGGCGAGATCAAGCAGAGGCTGAAGCTGAAGGACGGCGGCCACTACGACGCTGAGGTCAAGACCACCTACAAGGCCAAGAAGCCCGTGCAGCTGCCCGGCGCCTACAACGTCAACATCAAGTTGGACATCACCTCCCACAACGAGGACTACACCATCGTGGAACAGTACGAACGCGCCGAGGGCCGCCACTCCACCGGCGGCATGGACGAGCTGTACAAGTAATAAGCTTTGAGACCTTTCATCGCGACCTACTAGTAGCGGCCGCTGCAGGGAGTTGTCTTCGAAGACTTCGCTCTAGTCTTGGACTCCTGTTGATAGATCCAGTAATGACCTCAGAACTCCATCTGGATTTGTTCAGAACGCTCGGTTGCCGCCGGGCGTTTTTTATTGGTGAGAATCCAGGGGTCCCCAATAATTACGATTTAAATTAGTAGCCCGCCTAATGAGCGGGCTTTTTTTTAATTCCCCTATTTGTTTATTTTTCTAAATACATTCAAATATGTATCCGCTCATGAGACAATAACCCTGATAAATGCTTCAATAATATTGAAAAAGGAAGAGTATGAGCATTCAGCATTTTCGTGTGGCGCTGATTCCGTTTTTTGCGGCGTTTTGCCTGCCGGTGTTTGCGCATCCGGAAACCCTGGTGAAAGTGAAAGATGCGGAAGATCAACTGGGTGCGCGCGTGGGCTATATTGAACTGGATCTGAACAGCGGCAAAATTCTGGAATCTTTTCGTCCGGAAGAACGTTTTCCGATGATGAGCACCTTTAAAGTGCTGCTGTGCGGTGCGGTTCTGAGCCGTGTGGATGCGGGCCAGGAACAACTGGGCCGTCGTATTCATTATAGCCAGAACGATCTGGTGGAATATAGCCCGGTGACCGAAAAACATCTGACCGATGGCATGACCGTGCGTGAACTGTGCAGCGCGGCGATTACCATGAGCGATAACACCGCGGCGAACCTGCTGCTGACGACCATTGGCGGTCCGAAAGAACTGACCGCGTTTCTGCATAACATGGGCGATCATGTGACCCGTCTGGATCGTTGGGAACCGGAACTGAACGAAGCGATTCCGAACGATGAACGTGATACCACCATGCCGGCAGCAATGGCGACCACCCTGCGTAAACTGCTGACGGGTGAGCTGCTGACCCTGGCAAGCCGCCAGCAACTGATTGATTGGATGGAAGCGGATAAAGTGGCGGGTCCGCTGCTGCGTAGCGCGCTGCCGGCTGGCTGGTTTATTGCGGATAAAAGCGGTGCGGGCGAACGTGGCAGCCGTGGCATTATTGCGGCGCTGGGCCCGGATGGTAAACCGAGCCGTATTGTGGTGATTTATACCACCGGCAGCCAGGCGACGATGGATGAACGTAACCGTCAGATTGCGGAAATTGGCGCGAGCCTGATTAAACATTGGTAAACCGATACAATTAAAGGCTCCTTTTGGAGCCTTTTTTTTTGGACGACCCTTGTCCTTTTCCGCTGCATAACCCTGCTTCGGGGTCATTATAGCGATTTTTTCGGTATATCCATCCTTTTTCGCACGATATACAGGATTTTGCCAAAGGGTTCGTGTAGACTTTCCTTGGTGTATCCAACGGCGTCAGCCGGGCAGGATAGGTGAAGTAGGCCCACCCGCGAGCGGGTGTTCCTTCTTCACTGTCCCTTATTCGCACCTGGCGGTGCTCAACGGGAATCCTGCTCTGCGAGGCTGGCCGTAGGCCGGCCCCGTAGAAAAGATCAAAGGATCTTCTTGAGATCCTTTTTTTCTGCGCGTAATCTGCTGCTTGCAAACAAAAAAACCACCGCTACCAGCGGTGGTTTGTTTGCCGGATCAAGAGCTACCAACTCTTTTTCCGAAGGTAACTGGCTTCAGCAGAGCGCAGATACCAAATACTGTTCTTCTAGTGTAGCCGTAGTTAGGCCACCACTTCAAGAACTCTGTAGCACCGCCTACATACCTCGCTCTGCTAATCCTGTTACCAGTGGCTGCTGCCAGTGGCGATAAGTCGTGTCTTACCGGGTTGGACTCAAGACGATAGTTACCGGATAAGGCGCAGCGGTCGGGCTGAACGGGGGGTTCGTGCACACAGCCCAGCTTGGAGCGAACGACCTACACCGAACTGAGATACCTACAGCGTGAGCTATGAGAAAGCGCCACGCTTCCCGAAGGGAGAAAGGCGGACAGGTATCCGGTAAGCGGCAGGGTCGGAACAGGAGAGCGCACGAGGGAGCTTCCAGGGGGAAACGCCTGGTATCTTTATAGTCCTGTCGGGTTTCGCCACCTCTGACTTGAGCGTCGATTTTTGTGATGCTCGTCAGGGGGGCGGAGCCTATGGAAAAACGCCAGCAACGCGGCCTTTTTACGGTTCCTGGCCTTTTGCTGGCCTTTTGCTCACATGTTCTTTCCTGCGTTATCCCCTGATTCTGTGGATAACCGTATTACCGCCTTTGAGTGAGCTGATACCGCTCGCCGCAGCCGAACGACCGAGCGCAGCGAGTCAGTGAGCGAGGAAGCGGAAGAGCGCCCAATACGCAAACCGCCTCTCCCCGCGCGTTGGCCGATTCATTAATGCAGCTGGCACGACAGGTTTCCCGACTGGAAAGCGGGCAGTGAGCGCAACGCAATTAATGTGAGTTAGCTCACTCATTAGGCAGGCGCGCCCAGCTGTCT,3351,1048
