name,overhang,sequence,color
P11,P,GCCTCCACACCGCTCGTCACATCCTGTGATCCATTCCCCGCCCATCTATCGTAACACCTCT,#f26520
E11-N,NOC,atgagcgatagtccgcagaaactgggtcgtaatgaatggaatgcatatatggataaagtgaaagccaaagatcgtgaagcctttgcctttgtgtttcgtttttatgcaccgaaactgaaacagttcgcctataaacatgttggcaatgaacaggttgcaatggaaatggttcaagaaaccatggcaaccgtttggcagaaagcacatctgtatgatggtaaaaaaagcgcactgagcacctggatttataccattattcgtaacctgtgctttgacctgctgcgtaaacagaaaggtaaagaactgcatattcacagcgacgatatttggccgagcgaaagtggtaaatgctttgctagggataccgaagtttattatgaaaacgatacggtaccacacatggaatcaattgaggagatgtatagtaaatacgcctcgatgaatggggaattaccattcgataatggttacgcagttccattagataatgtctttgtgtacacgttggacatcgctagtggtgaaattaagaaaacgagggcttcatacatctatcgcgagaaggttgagaagctcattgagataaaactatccagtggatactcccttaaggttactccctctcacccagttctcctctttagagatggcctgcaatgggtccccgctgctgaagttaaacctggagatgttgttgttggtgttagggaagaggtactgagaagaTAATAA,#f26520
E11-C,NOC,acagatgtaacgattaaaagaataatatccaaaggagaacttgaatttcatgaggtttcctcggtaaggataatagattacaataactgggtctacgaccttgtaattccggaaacccacaacttcatagctcccaatggacttgttctccataatacgcaattagttgatcattatagtccggaacaggatatgctgaaagaacaggtggttaaatttctggatatcctgccgaaaaatcagcgtgatgttctgcaagcagtttatctggaagaactgccgcatcagcaggttgcagaactgtttgatattccgctgggcaccgttaaaagccgtctgcgtctggcagttgaaaaactgcgtcatagcatgcataccgaacagctgcgtccagcggcaaacgatgagaactacgccgcgagcgtctaataa,#f26520
P20,P,GCGCGGATAAAAATTTCATTTGCCCGCGACGGTTTTTCCGCCCATCTATCGTTGAACCCA,#e23322
E20-N,NOC,aatgaaaccgatcctgatctggaactgctgaaacgtattggtaataatgatgcacaggccgttaaagaaatggttacccgtaaactgcctcgtctgctggcactggcaagtcgcctgctgggtgatgcagatgaagcacgtgatattgcacaagaaagttttctgcgcatttggaaacaggcagcaagctggcgtagcgaacaggcacgttttgatacctggctgcatcgtgttgcactgaatctgtgttatgatcgtctgcgtcgtcgtaaagaacatgtgccggttgatagcgaacatgcctgtgaatcaggatactgtctggatctgaaaacccaggttcagacaccgcagggtatgaaagaaatttcaaatattcaggtgggtgatctggttctgagcaataccggttataatgaagtgctgaatgtgtttccgaaaagcaaaaaaaaaagctataaaatcaccctggaagatggcaaagaaatcatttgtagcgaagaacacctgtttccgacccagaccggtgaaatgaatattagcggtggtctgaaagaaggtatgtgcctgtatgttaaagaaTAATAA,#e23322
E20-C,NOC,ctgaaaaaaatcctgaaaatcgaggaactggatgaacgcgaactgattgatattgaagttagcggtaaccacctgttctatgccaatgatattctgacccataattctagcagtgcaccggatgaacagctggaagcaagcgcacagagccgtcgtatggcacaggcactggatcagctgccggatcgtcagcgtgaagcaattgttctgcagtattatcaagaactgagcaataccgaagcagcagcactgatgcaaattagcgttgaagccctggaaagcctgctgagccgtgcacgtcgtaatctgcgtagccatctggccgaagcaccgggtgcagatctgagcggtcgtcgcaaaccgcgtccagcggcaaacgatgagaactacgccgcgagcgtctaataa,#e23322
P38,P,CAGTACAAAATTTTTTAGATGCGTTGTACAACCCTCACGGGGGTGGACGTGTCCAACTGGCGTGGCAGAGGTTCTCGATT,#81171b
E38-N,NOC,CCTGCCGCACGTCCGGCACGTATTACCAATCAGCGTGATGGTGCAGAAGATGCAGCAGCAGGCACCACCGTTGATCATCTGACCGAAACCTATCGTGCACATTATCGTAGCCTGCTGGGTTTAGCCGCACTGCTGCTGGATGATACCGCAAGCTGTGAAGATGTTGTTCAAGAAGCATTTATTCGCGTTCATAGCGCACGTAAACGTGTTCGTGATCCGGAAAAAACCCTGGCATATCTGCGTCAGACCGTTGTTAATCTGAGCCGTAGCGCACTGCGTCGTCGTATTCTGGGTCTGAAACTGCTGAGCAAACCGATGCCGttgaacaggtgtctgagcctggataccatggttgttaccaatggtaaagccattgaaattcgtgatgtgaaagttggtgattggctggaaagcgaatgtggtccggttcaggttaccgaagttctgccgattatcaaacagccggtttttgaaattgtgctgaaaagcggcaaaaaaatccgtgttagcgccaatcataaattcccgaccaaagatggtctgaaaaccattaatagcggtctgaaagtgggcgattttctgcgtagccgtgcaaaaTAATAA,#81171b
E38-C,NOC,tgtgaaatctttgaaaacgagatcgactgggatgaaattgccagcattgaatatgttggtgtggaagaaaccatcgatattaacgtgaccaatgatcgtctgttttttgccaatggtattctgacccataatagtgcggttGAGGGTGCATATGATCAGCTGGAACGTGATAGCCTGATTAAAGCAATGAAAGGTCTGCAACGTCGTCAGCGTGAAGTTCTGGTTCTGCGTTATTTTGCAGATATGACCGAAGCACAGGTTGCAGAAACCCTGGGTATTAGCCTGGGTAGCGTTAAAGCATATGGTAGCCGTGGTATTGCAGCACTGCGTGTTGCAATGGAAGCACCGGCATAATAA,#81171b
P42,P,CAGTACAAAATTTTTTAGATGCGTTCGCTGTCGATCCGGCCCGTCGTCGTTCGTCGTACCcccgagagcccgcgaaaggcgctcaccgtcacgaccg,#ca4642
E42-N,NOC,GCAGCAACCGATATTAGCGCACTGCTGGATACCCTGTGGCGTCGTGAAGCAAGCCGTATTATTGGTGCACTGGCACGTCAGCTGCGTGATGTTGGTCTGGCCGAAGAACTGGCACAGGATGCACTGGTTGCAGCACTGGAACATTGGCCTCGTAATGGTATTCCGGATAATCCGGCAGCATGGCTGATGACCACCGCAAAACATCGTGCAATTGATCGTCTGCGTCATTATCAGCTGCAGCGTCGTAAACAGGATGCCCTGAGCTTTGAAATTGAACGTGAACAGCAGGCAGCAAGCGCAGCACAGCTGGTTGATCCGGATGATGATCTGGGTGATGATCAGCTGCGTCTGATGTTTGTTGCATGTCATCCGGCACTGGGCACCGATGCACGTGTTGCACTGACCCTGCGTCTGCTGGGTGGTCTGAGTACCGATGCAATTGCCCGTGCATTTCTGGTTCCGGAAGCAACCATTGCACAGCGTATTGTTCGTGCAAAACGTACCCTGAGCGATAAAggtggaggttgttttgttccgggtacactggtgaataccgaaaatggtctgaaaaaaatcgaagaaatcaaagtgggcgacaaagtgtttagccataccggtaaactgcaagaagttgttgataccctgatctttgatcgtgatgaagagattattagcatcaacggtatcgactgcaccaaaaaccatgagttttatgtgatcgacaaagaaaatgccaatcgcgtgaacgaagataacattcacctgtttgcacgttgggttcatgccgaagaactggatatgaaaaaacatctgctgatcgagctggaaTAATAA,#ca4642
E42-C,NOC,acagatgtaacgattaaaaaattcaaactgaaagagatcaccagcatcgaaaccaaacactataaaggcaaagttcatgatctgaccgtgaatcaggatcatagctataacgttcgtggcaccgttgttcataattcgatatgcCCGCGTGGTAGCGAACGTCATGCACGTCTGGCAAGCGTTCTGGAAGTTCTGTATCTGATTTTTAACGAAGGCTATGCAGCCAGTGATGGTGATGATGCCCAGCGTCCGGCTCTGTGTCATGAAGCACTGAGCCTGATTGGTGTTCTGGCAGAGCAGATGCCGACCGCAGCCGAAGTTCATGCACTGCGTGCACTGATGGCACTGCAGGCCAGCCGTAGCGCAGCCCGTAGTGATGCAAGTGGTGCACCGGTTCTGCTGCTGGAACAGGATCGTAGCCGTTGGCATCAGCCGCTGATTCAGCTGGGTCTGGCAGCCCTGGCACGTGCACAGCAGCTGGGTGGCGGTGAAAGCAGCTATGCCCTGCAGGCAGCCATTGCAGCATGTCATGTTACCGCAGCCCAGGCCCAGGATACCGATTGGCCACGTATTGCAGCCCTGTATACCCGTCTGGCCCAGCGTGTTCCGAGTCCGGTTATTGCACTGAATCGTGCAGTTGCGATTGCAATGGCAGAAGGTCCGGCAGCCGGTCTGGTTCTGGTTGAAGCCCTGCAGCAGGATAGTGCACTGCGCCACTATCATCTGCTGCCGAGCGTTCGTGGTGATCTGCTGTATAAACTGGGTCGTTTTGATGAAGCACGTGCAGATTTTCTGCATGCCGCAACCCTGGCAGGTAATGCACGTGATAAAACCTTTCTGCTGACCCGTGCAGATGCATGTAGCGGTCTGCCTGCATAATAA,#ca4642
J23101,P,tttacagctagctcagtcctaggtattatgctagc,#000000
RBS30,R,ATTAAAGAGGAGAAA,#666666
GFPmut3b,NOC,cgtaaaggagaagaacttttcactggagttgtcccaattcttgttgaattagatggtgatgttaatgggcacaaattttctgtcagtggagagggtgaaggtgatgcaacatacggaaaacttacccttaaatttatttgcactactggaaaactacctgttccatggccaacacttgtcactactttcggttatggtgttcaatgctttgcgagatacccagatcatatgaaacagcatgactttttcaagagtgccatgcccgaaggttatgtacaggaaagaactatatttttcaaagatgacgggaactacaagacacgtgctgaagtcaagtttgaaggtgatacccttgttaatagaatcgagttaaaaggtattgattttaaagaagatggaaacattcttggacacaaattggaatacaactataactcacacaatgtatacatcatggcagacaaacaaaagaatggaatcaaagttaacttcaaaattagacacaacattgaagatggaagcgttcaactagcagaccattatcaacaaaatactccaattggcgatggccctgtccttttaccagacaaccattacctgtccacacaatctgccctttcgaaagatcccaacgaaaagagagaccacatggtccttcttgagtttgtaacagctgctgggattacacatggcatggatgaactatacaaataataa,#069883
PBAD,P,AGAAACCAATTGTCCATATTGCATCAGACATTGCCGTCACTGCGTCTTTTACTGGCTCTTCTCGCTAACCAAACCGGTAACCCCGCTTATTAAAAGCATTCTGTAACAAAGCGGGACCAAAGCCATGACAAAAACGCGTAACAAAAGTGTCTATAATCACGGCAGAAAAGTCCACATTGATTATTTGCACGGCGTCACACTTTGCTATGCCATAGCATTTTTATCCATAAGATTAGCGGATCCTACCTGACGCTTTTTATCGCAACTCTCTACTGTTTCTCCAT,#5ba5ae
PCymRC,P,AACAAACAGACAATCTGGTCTGTTTGTATTATGGAAAATTTTTCTGTATAATAGATTCAACAAACAGACAATCTGGTCTGTTTGTATTAT,3f89ad
PSalTTC,P,GGGGCCTCGCTTGGGTTATTGCTGGTGCCCGGCCGGGCGCAATATTCATGTTGATGATTTATTATATATCGAGTGGTGTATTTATTTATATTGTTTGCTCCGTTACCGTTATTAAC,#16486d
PCin,P,CCCTTTGTGCGTCCAAACGGACGCACGGCGCTCTAAAGCGGGTCGCGATCTTTCAGATTCGCTCCTCGCGCTTTCAGTCTTTGTTTTGGCGCATGTCGTTATCGCAAAACCGCTGCACACTTTTGCGCGACATGCTCTGATCCCCCTCATCTGGGGGGGCCTATCTGAGGGAATTTCCGATCCGGCTCGCCTGAACCATTCTGCTTTCCACGAACTTGAAAACGCT,3f89ad
PLuxB,P,ACCTGTAGGATCGTACAGGTTTACGCAAGAAAATGGTTTGTTACAGTCGAATAAA,#303c54